point_index,survey_id,measurement_type,test_type,transect_id,plot_id,corner,replicate_id,easting,northing,elevation,positional_notes
1,June 2016 TMON Survey,test,repeated boardwalk test,NA,1,NA,NA,365618.89848,4303938.31375,0.9124,bdwk1
2,June 2016 TMON Survey,test,repeated boardwalk test,NA,2,NA,NA,365619.03197,4303938.57124,0.92027,bdwk2
3,June 2016 TMON Survey,TMON vegetation plot,NA,g1,12,1,1,365671.937,4303961.43512,0.13971,NA
4,June 2016 TMON Survey,TMON vegetation plot,NA,g1,12,2,1,365672.21568,4303960.26929,0.10404,NA
5,June 2016 TMON Survey,TMON vegetation plot,NA,g1,12,3,1,365671.21717,4303960.09109,0.25028,NA
6,June 2016 TMON Survey,TMON vegetation plot,NA,g1,12,4,1,365670.982,4303961.04149,0.14904,NA
7,June 2016 TMON Survey,test,one off test,NA,1,NA,NA,366079.14746,4304384.34527,0.36197,mittentst-1
8,June 2016 TMON Survey,TMON vegetation plot,NA,g1,12,1,2,365671.92755,4303961.41354,0.11646,NA
9,June 2016 TMON Survey,TMON vegetation plot,NA,g1,12,2,2,365672.08999,4303960.20465,0.12786,NA
10,June 2016 TMON Survey,TMON vegetation plot,NA,g1,12,3,2,365671.34899,4303960.00185,0.2007,NA
11,June 2016 TMON Survey,TMON vegetation plot,NA,g1,12,4,2,365670.88749,4303961.09565,0.05707,NA
12,June 2016 TMON Survey,TMON vegetation plot,NA,g1,1,1,1,365662.48258,4304177.86715,0.22879,NA
13,June 2016 TMON Survey,TMON vegetation plot,NA,g1,1,2,1,365662.40429,4304176.91225,0.13812,NA
14,June 2016 TMON Survey,TMON vegetation plot,NA,g1,1,3,1,365661.55027,4304176.755,0.14518,NA
15,June 2016 TMON Survey,TMON vegetation plot,NA,g1,1,4,1,365661.52544,4304177.76775,0.05358,NA
16,June 2016 TMON Survey,TMON vegetation plot,NA,g1,2,1,1,365663.51223,4304157.47085,0.33867,NA
17,June 2016 TMON Survey,TMON vegetation plot,NA,g1,2,2,1,365663.48771,4304156.58255,0.32269,NA
18,June 2016 TMON Survey,TMON vegetation plot,NA,g1,2,3,1,365662.44421,4304156.41195,0.27931,NA
19,June 2016 TMON Survey,TMON vegetation plot,NA,g1,2,4,1,365662.29012,4304157.28581,0.28021,NA
20,June 2016 TMON Survey,TMON vegetation plot,NA,g1,3,1,1,365663.8351,4304144.95546,0.31054,NA
21,June 2016 TMON Survey,TMON vegetation plot,NA,g1,3,2,1,365663.8281,4304143.86019,0.31858,NA
22,June 2016 TMON Survey,TMON vegetation plot,NA,g1,3,3,1,365662.74923,4304143.79416,0.31114000000000003,NA
23,June 2016 TMON Survey,TMON vegetation plot,NA,g1,3,4,1,365662.79191000003,4304144.91237,0.33003,NA
24,June 2016 TMON Survey,TMON vegetation plot,NA,g1,4,1,1,365663.58344,4304131.68512,0.30414,NA
25,June 2016 TMON Survey,TMON vegetation plot,NA,g1,4,2,1,365663.34967,4304130.74564,0.2821,NA
26,June 2016 TMON Survey,TMON vegetation plot,NA,g1,4,3,1,365662.4909,4304130.64699,0.27785,NA
27,June 2016 TMON Survey,TMON vegetation plot,NA,g1,4,4,1,365662.5707,4304131.57097,0.26966,NA
28,June 2016 TMON Survey,TMON vegetation plot,NA,g1,5,1,1,365664.821,4304110.89891,0.28627,NA
29,June 2016 TMON Survey,TMON vegetation plot,NA,g1,5,2,1,365664.5598,4304109.69682,0.26165,NA
30,June 2016 TMON Survey,TMON vegetation plot,NA,g1,5,3,1,365663.87511,4304109.6089,0.26329,NA
31,June 2016 TMON Survey,TMON vegetation plot,NA,g1,5,4,1,365663.91285,4304110.90739,0.26881,NA
32,June 2016 TMON Survey,TMON vegetation plot,NA,g1,6,1,1,365666.4765,4304078.47084,0.28323,NA
33,June 2016 TMON Survey,TMON vegetation plot,NA,g1,6,2,1,365666.3415,4304077.4595,0.27832,NA
34,June 2016 TMON Survey,TMON vegetation plot,NA,g1,6,3,1,365665.31845,4304077.59685,0.25432,NA
35,June 2016 TMON Survey,TMON vegetation plot,NA,g1,6,4,1,365665.45035,4304078.47715,0.24785,NA
36,June 2016 TMON Survey,TMON vegetation plot,NA,g1,7,1,1,365665.73422,4304070.99014,0.18226,NA
37,June 2016 TMON Survey,TMON vegetation plot,NA,g1,7,2,1,365665.60458,4304070.10152,0.22348,NA
38,June 2016 TMON Survey,TMON vegetation plot,NA,g1,7,3,1,365664.36159,4304070.29367,0.13537,NA
39,June 2016 TMON Survey,TMON vegetation plot,NA,g1,7,4,1,365664.53349,4304071.19922,0.23629,NA
40,June 2016 TMON Survey,TMON vegetation plot,NA,g1,8,1,1,365664.92211,4304052.16036,0.2749,NA
41,June 2016 TMON Survey,TMON vegetation plot,NA,g1,8,2,1,365664.95737,4304050.99192,0.27888,NA
42,June 2016 TMON Survey,TMON vegetation plot,NA,g1,8,3,1,365664.19714,4304050.84587,0.27877999999999997,NA
43,June 2016 TMON Survey,TMON vegetation plot,NA,g1,8,4,1,365663.79345,4304051.79067,0.2633,NA
44,June 2016 TMON Survey,TMON vegetation plot,NA,g1,9,1,1,365668.47254,4304020.24146,0.28262,NA
45,June 2016 TMON Survey,TMON vegetation plot,NA,g1,9,2,1,365668.64419,4304019.29084,0.27594,NA
46,June 2016 TMON Survey,TMON vegetation plot,NA,g1,9,3,1,365667.63767,4304018.93217,0.29637,NA
47,June 2016 TMON Survey,TMON vegetation plot,NA,g1,9,4,1,365667.35013,4304019.9789,0.29115,NA
48,June 2016 TMON Survey,TMON vegetation plot,NA,g1,10,1,1,365670.9718,4304007.59467,0.11543,NA
49,June 2016 TMON Survey,TMON vegetation plot,NA,g1,10,2,1,365671.21933,4304006.48477,0.09121,NA
50,June 2016 TMON Survey,TMON vegetation plot,NA,g1,10,3,1,365670.10269,4304006.39119,0.20215,NA
51,June 2016 TMON Survey,TMON vegetation plot,NA,g1,10,4,1,365669.48016,4304007.27456,0.1777,NA
52,June 2016 TMON Survey,TMON vegetation plot,NA,g1,11,1,1,365672.04257,4303980.62839,0.17864,NA
53,June 2016 TMON Survey,TMON vegetation plot,NA,g1,11,2,1,365671.91406,4303979.68746,0.04929,NA
54,June 2016 TMON Survey,TMON vegetation plot,NA,g1,11,3,1,365670.69859,4303979.75567,0.25084,NA
55,June 2016 TMON Survey,TMON vegetation plot,NA,g1,11,4,1,365670.77733,4303980.75145,0.25911,NA
56,June 2016 TMON Survey,TMON vegetation plot,NA,g1,13,1,1,365672.47954,4303945.85169,0.23111,NA
57,June 2016 TMON Survey,TMON vegetation plot,NA,g1,13,2,1,365672.52166,4303945.00651,0.20917,NA
58,June 2016 TMON Survey,TMON vegetation plot,NA,g1,13,3,1,365671.47943,4303944.73681,0.18417,NA
59,June 2016 TMON Survey,TMON vegetation plot,NA,g1,13,4,1,365671.41084,4303945.58119,0.19795,NA
60,June 2016 TMON Survey,TMON vegetation plot,NA,g1,14,1,1,365674.0427,4303919.1245,0.21751,NA
61,June 2016 TMON Survey,TMON vegetation plot,NA,g1,14,2,1,365673.97772,4303917.83599,0.08911,NA
62,June 2016 TMON Survey,TMON vegetation plot,NA,g1,14,3,1,365673.08447,4303917.94374,0.10622,NA
63,June 2016 TMON Survey,TMON vegetation plot,NA,g1,14,4,1,365672.92924,4303918.9245,0.23884,NA
64,June 2016 TMON Survey,TMON vegetation plot,NA,g1,15,1,1,365675.82115,4303903.53137,0.17601,NA
65,June 2016 TMON Survey,TMON vegetation plot,NA,g1,15,2,1,365675.84611,4303902.37396,0.29024,NA
66,June 2016 TMON Survey,TMON vegetation plot,NA,g1,15,3,1,365674.6742,4303902.4767000005,0.23259,NA
67,June 2016 TMON Survey,TMON vegetation plot,NA,g1,15,4,1,365674.50516,4303903.38407,0.13167,NA
68,June 2016 TMON Survey,TMON vegetation plot,NA,g1,16,1,1,365679.32907,4303891.20306,0.13983,NA
69,June 2016 TMON Survey,TMON vegetation plot,NA,g1,16,2,1,365679.25577,4303890.1189,0.29423,NA
70,June 2016 TMON Survey,TMON vegetation plot,NA,g1,16,3,1,365678.45915,4303890.00319,0.23615,NA
71,June 2016 TMON Survey,TMON vegetation plot,NA,g1,16,4,1,365678.49716,4303890.86539,0.17632,NA
72,June 2016 TMON Survey,TMON vegetation plot,NA,g1,17,1,1,365678.63535,4303855.2962,0.18945,NA
73,June 2016 TMON Survey,TMON vegetation plot,NA,g1,17,2,1,365678.51374,4303854.24994,0.20617,NA
74,June 2016 TMON Survey,TMON vegetation plot,NA,g1,17,3,1,365677.62566,4303854.23859,0.20094,NA
75,June 2016 TMON Survey,TMON vegetation plot,NA,g1,17,4,1,365677.51282,4303855.15482,0.22564,NA
76,June 2016 TMON Survey,TMON vegetation plot,NA,g1,18,1,1,365677.81303,4303843.41883,0.17553,NA
77,June 2016 TMON Survey,TMON vegetation plot,NA,g1,18,2,1,365677.65534,4303842.35801,0.19332,NA
78,June 2016 TMON Survey,TMON vegetation plot,NA,g1,18,3,1,365676.64597,4303842.38965,0.19058,NA
79,June 2016 TMON Survey,TMON vegetation plot,NA,g1,18,4,1,365676.82192,4303843.44845,0.19459,NA
80,June 2016 TMON Survey,TMON vegetation plot,NA,g1,19,1,1,365677.54837,4303815.1968,0.27222,NA
81,June 2016 TMON Survey,TMON vegetation plot,NA,g1,19,2,1,365677.512,4303814.01367,0.24455,NA
82,June 2016 TMON Survey,TMON vegetation plot,NA,g1,19,3,1,365676.54172,4303814.14877,0.24003,NA
83,June 2016 TMON Survey,TMON vegetation plot,NA,g1,19,4,1,365676.46474,4303815.02712,0.24068,NA
84,June 2016 TMON Survey,TMON vegetation plot,NA,g1,20,1,1,365676.34017,4303797.05279,0.28414,NA
85,June 2016 TMON Survey,TMON vegetation plot,NA,g1,20,2,1,365676.7038,4303796.15296,0.25187,NA
86,June 2016 TMON Survey,TMON vegetation plot,NA,g1,20,3,1,365675.20933,4303796.1156,0.23923,NA
87,June 2016 TMON Survey,TMON vegetation plot,NA,g1,20,4,1,365675.20369,4303796.89793,0.3417,NA
88,June 2016 TMON Survey,TMON vegetation plot,NA,g2,3,1,1,365865.82571,4304043.48018,0.18422,NA
89,June 2016 TMON Survey,TMON vegetation plot,NA,g2,3,2,1,365865.52233,4304042.59643,0.11835,NA
90,June 2016 TMON Survey,TMON vegetation plot,NA,g2,3,3,1,365864.6297,4304042.64272,0.17547,NA
91,June 2016 TMON Survey,TMON vegetation plot,NA,g2,3,4,1,365864.69573,4304043.3487,0.17314,NA
92,June 2016 TMON Survey,TMON vegetation plot,NA,g2,1,1,1,365869.16489,4304078.06715,0.13986,NA
93,June 2016 TMON Survey,TMON vegetation plot,NA,g2,1,2,1,365869.101,4304077.04558,0.18494,NA
94,June 2016 TMON Survey,TMON vegetation plot,NA,g2,1,3,1,365868.09089,4304076.96944,0.10989,NA
95,June 2016 TMON Survey,TMON vegetation plot,NA,g2,1,4,1,365867.99716,4304077.95368,0.13447,NA
96,June 2016 TMON Survey,TMON vegetation plot,NA,g2,2,1,1,365868.10218,4304059.61182,0.07342,NA
97,June 2016 TMON Survey,TMON vegetation plot,NA,g2,2,2,1,365867.61608,4304058.58018,0.118,NA
98,June 2016 TMON Survey,TMON vegetation plot,NA,g2,2,3,1,365866.86397,4304058.72533,0.10187,NA
99,June 2016 TMON Survey,TMON vegetation plot,NA,g2,2,4,1,365867.19297,4304059.69507,-0.0911,NA
100,June 2016 TMON Survey,TMON vegetation plot,NA,g2,4,1,1,365868.51841,4304020.95511,0.08513,NA
101,June 2016 TMON Survey,TMON vegetation plot,NA,g2,4,2,1,365868.5775,4304019.78248,0.08611,NA
102,June 2016 TMON Survey,TMON vegetation plot,NA,g2,4,3,1,365867.84277,4304019.60951,0.1088,NA
103,June 2016 TMON Survey,TMON vegetation plot,NA,g2,4,4,1,365867.7192,4304020.59549,0.1281,NA
104,June 2016 TMON Survey,TMON vegetation plot,NA,g2,5,1,1,365872.90735,4304006.13503,0.09954,NA
105,June 2016 TMON Survey,TMON vegetation plot,NA,g2,5,2,1,365873.41198,4304004.99445,0.2188,NA
106,June 2016 TMON Survey,TMON vegetation plot,NA,g2,5,3,1,365872.30178,4304004.7683,0.02494,NA
107,June 2016 TMON Survey,TMON vegetation plot,NA,g2,5,4,1,365871.24849,4304005.29899,0.08643,NA
108,June 2016 TMON Survey,TMON vegetation plot,NA,g2,6,1,1,365876.33148,4303983.42586,0.15541,NA
109,June 2016 TMON Survey,TMON vegetation plot,NA,g2,6,2,1,365876.87469,4303982.40366,0.16677,NA
110,June 2016 TMON Survey,TMON vegetation plot,NA,g2,6,3,1,365875.93749,4303981.89778,0.13401,NA
111,June 2016 TMON Survey,TMON vegetation plot,NA,g2,6,4,1,365875.40116,4303983.08043,0.09751,NA
112,June 2016 TMON Survey,TMON vegetation plot,NA,g2,7,1,1,365872.99456,4303959.37709,0.25822,NA
113,June 2016 TMON Survey,TMON vegetation plot,NA,g2,7,2,1,365872.79077,4303958.40039,0.24971,NA
114,June 2016 TMON Survey,TMON vegetation plot,NA,g2,7,3,1,365871.76946,4303958.2681,0.2421,NA
115,June 2016 TMON Survey,TMON vegetation plot,NA,g2,7,4,1,365871.76519,4303959.21179,0.25399,NA
116,June 2016 TMON Survey,TMON vegetation plot,NA,g2,8,1,1,365872.65214,4303932.4423,0.28973,NA
117,June 2016 TMON Survey,TMON vegetation plot,NA,g2,8,2,1,365872.79154,4303931.37313,0.31657,NA
118,June 2016 TMON Survey,TMON vegetation plot,NA,g2,8,3,1,365871.76572,4303931.31889,0.29326,NA
119,June 2016 TMON Survey,TMON vegetation plot,NA,g2,8,4,1,365871.47589,4303932.0336,0.28697,NA
120,June 2016 TMON Survey,TMON vegetation plot,NA,g2,9,1,1,365874.37475,4303912.07115,0.32976,NA
121,June 2016 TMON Survey,TMON vegetation plot,NA,g2,9,2,1,365874.64237,4303911.05408,0.30775,NA
122,June 2016 TMON Survey,TMON vegetation plot,NA,g2,9,3,1,365873.89443,4303910.6877,0.30128,NA
123,June 2016 TMON Survey,TMON vegetation plot,NA,g2,9,4,1,365873.45022,4303911.35153,0.30517,NA
124,June 2016 TMON Survey,TMON vegetation plot,NA,g2,10,1,1,365875.01256,4303892.5724,0.27903,NA
125,June 2016 TMON Survey,TMON vegetation plot,NA,g2,10,2,1,365874.52954,4303891.45624,0.30794,NA
126,June 2016 TMON Survey,TMON vegetation plot,NA,g2,10,3,1,365873.72496,4303891.52191,0.28143,NA
127,June 2016 TMON Survey,TMON vegetation plot,NA,g2,10,4,1,365873.67255,4303892.77401,0.26505,NA
128,June 2016 TMON Survey,TMON vegetation plot,NA,g2,11,1,1,365873.194,4303863.37798,0.37654,NA
129,June 2016 TMON Survey,TMON vegetation plot,NA,g2,11,2,1,365873.72115,4303862.2106,0.44978,NA
130,June 2016 TMON Survey,TMON vegetation plot,NA,g2,11,3,1,365872.62966,4303861.85733,0.56304,NA
131,June 2016 TMON Survey,TMON vegetation plot,NA,g2,11,4,1,365872.07294,4303862.86343,0.37643,NA
132,June 2016 TMON Survey,test,one off test,NA,2,NA,NA,365863.95468,4304029.45332,0.1758,gbdwk
133,June 2016 TMON Survey,TMON vegetation plot,NA,g3,6,1,1,366049.92864,4304351.30851,0.4012,NA
134,June 2016 TMON Survey,TMON vegetation plot,NA,g3,6,2,1,366048.89503,4304351.56759,0.37994,NA
135,June 2016 TMON Survey,TMON vegetation plot,NA,g3,6,3,1,366048.98406,4304352.20569,0.39523,NA
136,June 2016 TMON Survey,TMON vegetation plot,NA,g3,6,4,1,366049.90103,4304352.11865,0.38246,NA
137,June 2016 TMON Survey,TMON vegetation plot,NA,g3,5,1,1,366068.52898,4304353.23324,0.30841,NA
138,June 2016 TMON Survey,TMON vegetation plot,NA,g3,5,2,1,366067.54648,4304353.63426,0.31905,NA
139,June 2016 TMON Survey,TMON vegetation plot,NA,g3,5,3,1,366067.65206,4304354.4395,0.30325,NA
140,June 2016 TMON Survey,TMON vegetation plot,NA,g3,5,4,1,366068.58187,4304354.39933,0.34162,NA
141,June 2016 TMON Survey,TMON vegetation plot,NA,g3,4,1,1,366085.79531,4304349.7192,0.33644,NA
142,June 2016 TMON Survey,TMON vegetation plot,NA,g3,4,2,1,366084.88678,4304349.91713,0.24781,NA
143,June 2016 TMON Survey,TMON vegetation plot,NA,g3,4,3,1,366084.85972,4304350.88676,0.15045,NA
144,June 2016 TMON Survey,TMON vegetation plot,NA,g3,4,4,1,366085.88165,4304350.58338,0.34259,NA
145,June 2016 TMON Survey,TMON vegetation plot,NA,g3,3,1,1,366099.32846,4304343.41389,0.30101,NA
146,June 2016 TMON Survey,TMON vegetation plot,NA,g3,3,2,1,366098.5524,4304344.07813,0.28518,NA
147,June 2016 TMON Survey,TMON vegetation plot,NA,g3,3,3,1,366099.11372,4304344.87595,0.29265,NA
148,June 2016 TMON Survey,TMON vegetation plot,NA,g3,3,4,1,366099.76643,4304343.98423,0.3003,NA
149,June 2016 TMON Survey,TMON vegetation plot,NA,g3,2,1,1,366134.89485,4304339.04756,0.218,NA
150,June 2016 TMON Survey,TMON vegetation plot,NA,g3,2,2,1,366133.9299,4304339.25275,0.21835,NA
151,June 2016 TMON Survey,TMON vegetation plot,NA,g3,2,3,1,366133.8742,4304340.14583,0.21477,NA
152,June 2016 TMON Survey,TMON vegetation plot,NA,g3,2,4,1,366134.87801,4304339.8598,0.20839,NA
153,June 2016 TMON Survey,TMON vegetation plot,NA,g3,1,1,1,366145.98083,4304339.24769,0.05778,NA
154,June 2016 TMON Survey,TMON vegetation plot,NA,g3,1,2,1,366144.76178,4304339.45332,0.16207,NA
155,June 2016 TMON Survey,TMON vegetation plot,NA,g3,1,3,1,366144.9898,4304340.53638,0.05666,NA
156,June 2016 TMON Survey,TMON vegetation plot,NA,g3,1,4,1,366146.03808,4304340.26304,0.06459,NA
157,June 2016 TMON Survey,test,repeated boardwalk test,NA,3,NA,NA,365620.75189,4303940.36447,0.92615,gbdwk-set
158,July and August 2016 20m Grid Survey,Braun Blanquet vegetation plot,NA,NA,2,NA,1,365396.17,4304068.945,0.171,NA
159,July and August 2016 20m Grid Survey,Braun Blanquet vegetation plot,NA,NA,2,NA,2,365396.322,4304069.126,0.149,NA
160,July and August 2016 20m Grid Survey,Braun Blanquet vegetation plot,NA,NA,2,NA,3,365395.994,4304069.275,0.201,NA
161,July and August 2016 20m Grid Survey,Braun Blanquet vegetation plot,NA,NA,2,NA,4,365395.847,4304068.985,0.148,NA
162,July and August 2016 20m Grid Survey,Braun Blanquet vegetation plot,NA,NA,23,NA,1,365516.159,4303988.266,0.195,NA
163,July and August 2016 20m Grid Survey,Braun Blanquet vegetation plot,NA,NA,23,NA,2,365516.042,4303988.806,0.194,NA
164,July and August 2016 20m Grid Survey,Braun Blanquet vegetation plot,NA,NA,23,NA,3,365516.659,4303988.818,0.161,NA
165,July and August 2016 20m Grid Survey,Braun Blanquet vegetation plot,NA,NA,23,NA,4,365516.755,4303988.315,0.239,NA
166,July and August 2016 20m Grid Survey,Braun Blanquet vegetation plot,NA,NA,24,NA,1,365516.415,4304008.433,0.157,NA
167,July and August 2016 20m Grid Survey,Braun Blanquet vegetation plot,NA,NA,24,NA,2,365516.439,4304008.956,0.267,NA
168,July and August 2016 20m Grid Survey,Braun Blanquet vegetation plot,NA,NA,24,NA,3,365517.075,4304008.754,0.189,NA
169,July and August 2016 20m Grid Survey,Braun Blanquet vegetation plot,NA,NA,24,NA,4,365516.933,4304008.328,0.147,NA
170,July and August 2016 20m Grid Survey,Braun Blanquet vegetation plot,NA,NA,25,NA,1,365516.076,4304029.691,0.233,NA
171,July and August 2016 20m Grid Survey,Braun Blanquet vegetation plot,NA,NA,25,NA,2,365515.784,4304029.517,0.183,NA
172,July and August 2016 20m Grid Survey,Braun Blanquet vegetation plot,NA,NA,25,NA,3,365515.621,4304029.837,0.22,NA
173,July and August 2016 20m Grid Survey,Braun Blanquet vegetation plot,NA,NA,25,NA,4,365515.91,4304030.216,0.181,NA
174,July and August 2016 20m Grid Survey,Braun Blanquet vegetation plot,NA,NA,26,NA,1,365515.365,4304048.498,0.251,NA
175,July and August 2016 20m Grid Survey,Braun Blanquet vegetation plot,NA,NA,26,NA,2,365515.306,4304049.145,0.266,NA
176,July and August 2016 20m Grid Survey,Braun Blanquet vegetation plot,NA,NA,26,NA,3,365515.771,4304048.838,0.246,NA
177,July and August 2016 20m Grid Survey,Braun Blanquet vegetation plot,NA,NA,26,NA,4,365515.578,4304048.463,0.285,NA
178,July and August 2016 20m Grid Survey,Braun Blanquet vegetation plot,NA,NA,27,NA,1,365515.285,4304069.735,0.29,NA
179,July and August 2016 20m Grid Survey,Braun Blanquet vegetation plot,NA,NA,27,NA,2,365515.283,4304070.226,0.292,NA
180,July and August 2016 20m Grid Survey,Braun Blanquet vegetation plot,NA,NA,27,NA,3,365515.993,4304069.76,0.305,NA
181,July and August 2016 20m Grid Survey,Braun Blanquet vegetation plot,NA,NA,27,NA,4,365515.607,4304070.387,0.286,NA
182,July and August 2016 20m Grid Survey,Braun Blanquet vegetation plot,NA,NA,28,NA,1,365516.144,4304088.964,0.331,NA
183,July and August 2016 20m Grid Survey,Braun Blanquet vegetation plot,NA,NA,28,NA,2,365515.94,4304089.469,0.328,NA
184,July and August 2016 20m Grid Survey,Braun Blanquet vegetation plot,NA,NA,28,NA,3,365516.529,4304089.68,0.367,NA
185,July and August 2016 20m Grid Survey,Braun Blanquet vegetation plot,NA,NA,28,NA,4,365516.654,4304089.227,0.318,NA
186,July and August 2016 20m Grid Survey,Braun Blanquet vegetation plot,NA,NA,29,NA,1,365515.825,4304109.248,0.327,NA
187,July and August 2016 20m Grid Survey,Braun Blanquet vegetation plot,NA,NA,29,NA,2,365515.688,4304109.605,0.31,NA
188,July and August 2016 20m Grid Survey,Braun Blanquet vegetation plot,NA,NA,29,NA,3,365516.298,4304109.728,0.307,NA
189,July and August 2016 20m Grid Survey,Braun Blanquet vegetation plot,NA,NA,29,NA,4,365516.316,4304109.342,0.325,NA
190,July and August 2016 20m Grid Survey,Braun Blanquet vegetation plot,NA,NA,73,NA,1,365595.97,4303929.576,0.195,NA
191,July and August 2016 20m Grid Survey,Braun Blanquet vegetation plot,NA,NA,53,NA,1,365576.816,4303932.626,0.184,NA
192,July and August 2016 20m Grid Survey,Braun Blanquet vegetation plot,NA,NA,54,NA,1,365576.257,4303948.916,0.222,NA
193,July and August 2016 20m Grid Survey,Braun Blanquet vegetation plot,NA,NA,41,NA,1,365555.776,4303948.999,0.252,NA
194,July and August 2016 20m Grid Survey,Braun Blanquet vegetation plot,NA,NA,30,NA,1,365535.055,4303948.271,0.25,NA
195,July and August 2016 20m Grid Survey,Braun Blanquet vegetation plot,NA,NA,31,NA,1,365536.704,4303968.487,0.209,NA
196,July and August 2016 20m Grid Survey,Braun Blanquet vegetation plot,NA,NA,42,NA,1,365556.175,4304008.864,0.239,NA
197,July and August 2016 20m Grid Survey,Braun Blanquet vegetation plot,NA,NA,33,NA,1,365536.658,4304009.147,0.234,NA
198,July and August 2016 20m Grid Survey,Braun Blanquet vegetation plot,NA,NA,32,NA,1,365536.309,4303989.341,0.278,NA
199,July and August 2016 20m Grid Survey,Braun Blanquet vegetation plot,NA,NA,34,NA,1,365536.581,4304029.004,0.25,NA
200,July and August 2016 20m Grid Survey,Braun Blanquet vegetation plot,NA,NA,34,NA,2,365536.296,4304029.273,0.269,NA
201,July and August 2016 20m Grid Survey,Braun Blanquet vegetation plot,NA,NA,34,NA,3,365536.644,4304029.338,0.26,NA
202,July and August 2016 20m Grid Survey,Braun Blanquet vegetation plot,NA,NA,34,NA,4,365536.743,4304028.845,0.3,NA
203,July and August 2016 20m Grid Survey,Braun Blanquet vegetation plot,NA,NA,34,NA,5,365536.425,4304028.782,0.267,NA
204,July and August 2016 20m Grid Survey,Braun Blanquet vegetation plot,NA,NA,35,NA,1,365535.747,4304069.018,0.264,NA
205,July and August 2016 20m Grid Survey,Braun Blanquet vegetation plot,NA,NA,36,NA,1,365536.004,4304089.144,0.31,NA
206,July and August 2016 20m Grid Survey,Braun Blanquet vegetation plot,NA,NA,37,NA,1,365535.849,4304109.311,0.31,NA
207,July and August 2016 20m Grid Survey,Braun Blanquet vegetation plot,NA,NA,38,NA,1,365536.306,4304128.04,0.169,NA
208,July and August 2016 20m Grid Survey,Braun Blanquet vegetation plot,NA,NA,48,NA,1,365556.802,4304129.265,0.26,NA
209,July and August 2016 20m Grid Survey,Braun Blanquet vegetation plot,NA,NA,47,NA,1,365555.711,4304109.139,0.226,NA
210,July and August 2016 20m Grid Survey,Braun Blanquet vegetation plot,NA,NA,46,NA,1,365555.149,4304088.725,0.244,NA
211,July and August 2016 20m Grid Survey,Braun Blanquet vegetation plot,NA,NA,45,NA,1,365556.431,4304068.797,0.222,NA
212,July and August 2016 20m Grid Survey,Braun Blanquet vegetation plot,NA,NA,44,NA,1,365557.225,4304048.593,0.299,NA
213,July and August 2016 20m Grid Survey,Braun Blanquet vegetation plot,NA,NA,43,NA,1,365555.848,4304029.036,0.261,NA
214,July and August 2016 20m Grid Survey,Braun Blanquet vegetation plot,NA,NA,40,NA,1,365555.916,4303889.089,0.203,NA
215,July and August 2016 20m Grid Survey,Braun Blanquet vegetation plot,NA,NA,39,NA,1,365555.966,4303869.041,0.231,NA
216,July and August 2016 20m Grid Survey,Braun Blanquet vegetation plot,NA,NA,52,NA,1,365576.176,4303889.19,0.185,NA
217,July and August 2016 20m Grid Survey,Braun Blanquet vegetation plot,NA,NA,51,NA,1,365575.691,4303868.805,0.146,NA
218,July and August 2016 20m Grid Survey,Braun Blanquet vegetation plot,NA,NA,50,NA,1,365575.218,4303848.926,0.206,NA
219,July and August 2016 20m Grid Survey,Braun Blanquet vegetation plot,NA,NA,49,NA,1,365579.312,4303828.03,0.21,marsh edge 3m east of the point
220,July and August 2016 20m Grid Survey,Braun Blanquet vegetation plot,NA,NA,68,NA,1,365595.569,4303828.57,0.121,hovering
221,July and August 2016 20m Grid Survey,Braun Blanquet vegetation plot,NA,NA,69,NA,1,365596.031,4303849.009,0.117,hovering
222,July and August 2016 20m Grid Survey,Braun Blanquet vegetation plot,NA,NA,70,NA,1,365595.833,4303868.926,0.216,hovering
223,July and August 2016 20m Grid Survey,Braun Blanquet vegetation plot,NA,NA,71,NA,1,365595.773,4303889.084,0.144,NA
224,July and August 2016 20m Grid Survey,Braun Blanquet vegetation plot,NA,NA,72,NA,1,365595.832,4303909.26,0.208,NA
225,July and August 2016 20m Grid Survey,Braun Blanquet vegetation plot,NA,NA,55,NA,1,365575.835,4303969.116,0.197,NA
226,July and August 2016 20m Grid Survey,Braun Blanquet vegetation plot,NA,NA,56,NA,1,365576.143,4303989.047,0.202,hovering
227,July and August 2016 20m Grid Survey,Braun Blanquet vegetation plot,NA,NA,57,NA,1,365575.834,4304009.043,0.291,NA
228,July and August 2016 20m Grid Survey,Braun Blanquet vegetation plot,NA,NA,58,NA,1,365576.105,4304029.218,0.247,NA
229,July and August 2016 20m Grid Survey,Braun Blanquet vegetation plot,NA,NA,59,NA,1,365576.032,4304049.431,0.268,NA
230,July and August 2016 20m Grid Survey,Braun Blanquet vegetation plot,NA,NA,60,NA,1,365576.133,4304069.037,0.193,NA
231,July and August 2016 20m Grid Survey,Braun Blanquet vegetation plot,NA,NA,61,NA,1,365575.98,4304089.159,0.271,NA
232,July and August 2016 20m Grid Survey,Braun Blanquet vegetation plot,NA,NA,62,NA,1,365575.787,4304109.004,0.191,NA
233,July and August 2016 20m Grid Survey,Braun Blanquet vegetation plot,NA,NA,63,NA,1,365575.9,4304128.84,0.297,NA
234,July and August 2016 20m Grid Survey,Braun Blanquet vegetation plot,NA,NA,64,NA,1,365576.077,4304148.795,0.319,NA
235,July and August 2016 20m Grid Survey,Braun Blanquet vegetation plot,NA,NA,65,NA,1,365576.054,4304169.092,0.33,NA
236,July and August 2016 20m Grid Survey,Braun Blanquet vegetation plot,NA,NA,66,NA,1,365576.175,4304188.999,0.13,NA
237,July and August 2016 20m Grid Survey,Braun Blanquet vegetation plot,NA,NA,67,NA,1,365578.696,4304209.236,-0.119,NA
238,July and August 2016 20m Grid Survey,Braun Blanquet vegetation plot,NA,NA,74,NA,1,365596.164,4303968.903,0.212,NA
239,July and August 2016 20m Grid Survey,Braun Blanquet vegetation plot,NA,NA,75,NA,1,365596.409,4303989.383,0.15,NA
240,July and August 2016 20m Grid Survey,Braun Blanquet vegetation plot,NA,NA,76,NA,1,365595.865,4304009.268,0.261,NA
241,July and August 2016 20m Grid Survey,Braun Blanquet vegetation plot,NA,NA,77,NA,1,365595.971,4304029.098,0.257,NA
242,July and August 2016 20m Grid Survey,Braun Blanquet vegetation plot,NA,NA,78,NA,1,365595.865,4304049.094,0.286,NA
243,July and August 2016 20m Grid Survey,Braun Blanquet vegetation plot,NA,NA,79,NA,1,365595.989,4304068.992,0.255,NA
244,July and August 2016 20m Grid Survey,Braun Blanquet vegetation plot,NA,NA,80,NA,1,365596.153,4304089.076,0.326,NA
245,July and August 2016 20m Grid Survey,Braun Blanquet vegetation plot,NA,NA,81,NA,1,365595.971,4304109.109,0.232,NA
246,July and August 2016 20m Grid Survey,Braun Blanquet vegetation plot,NA,NA,82,NA,1,365595.909,4304129.15,0.31,NA
247,July and August 2016 20m Grid Survey,Braun Blanquet vegetation plot,NA,NA,83,NA,1,365596.095,4304149.174,0.289,NA
248,July and August 2016 20m Grid Survey,Braun Blanquet vegetation plot,NA,NA,84,NA,1,365595.921,4304169.104,0.298,NA
249,July and August 2016 20m Grid Survey,Braun Blanquet vegetation plot,NA,NA,85,NA,1,365596.034,4304189.147,0.363,NA
250,July and August 2016 20m Grid Survey,Braun Blanquet vegetation plot,NA,NA,86,NA,1,365596.279,4304209.131,0.336,NA
251,July and August 2016 20m Grid Survey,Braun Blanquet vegetation plot,NA,NA,87,NA,1,365595.937,4304228.975,0.293,NA
252,July and August 2016 20m Grid Survey,Braun Blanquet vegetation plot,NA,NA,94,NA,1,365615.971,4303969.094,0.229,NA
253,July and August 2016 20m Grid Survey,Braun Blanquet vegetation plot,NA,NA,95,NA,1,365616.049,4303989.082,0.26,NA
254,July and August 2016 20m Grid Survey,Braun Blanquet vegetation plot,NA,NA,96,NA,1,365615.93,4304009.05,0.204,NA
255,July and August 2016 20m Grid Survey,Braun Blanquet vegetation plot,NA,NA,97,NA,1,365615.814,4304029.048,0.237,NA
256,July and August 2016 20m Grid Survey,Braun Blanquet vegetation plot,NA,NA,98,NA,1,365616.101,4304049.043,0.282,NA
257,July and August 2016 20m Grid Survey,Braun Blanquet vegetation plot,NA,NA,99,NA,1,365615.993,4304069.222,0.301,NA
258,July and August 2016 20m Grid Survey,Braun Blanquet vegetation plot,NA,NA,100,NA,1,365616.029,4304088.982,0.289,NA
259,July and August 2016 20m Grid Survey,Braun Blanquet vegetation plot,NA,NA,101,NA,1,365616.021,4304109.055,0.351,NA
260,July and August 2016 20m Grid Survey,Braun Blanquet vegetation plot,NA,NA,101,NA,2,365615.625,4304109.118,0.314,NA
261,July and August 2016 20m Grid Survey,Braun Blanquet vegetation plot,NA,NA,101,NA,3,365616.087,4304108.871,0.324,NA
262,July and August 2016 20m Grid Survey,Braun Blanquet vegetation plot,NA,NA,101,NA,4,365616.268,4304109.266,0.339,NA
263,July and August 2016 20m Grid Survey,Braun Blanquet vegetation plot,NA,NA,101,NA,5,365615.84,4304109.479,0.309,NA
264,July and August 2016 20m Grid Survey,Braun Blanquet vegetation plot,NA,NA,102,NA,1,365615.88,4304129.085,0.321,NA
265,July and August 2016 20m Grid Survey,Braun Blanquet vegetation plot,NA,NA,103,NA,1,365616.075,4304148.966,0.3,NA
266,July and August 2016 20m Grid Survey,Braun Blanquet vegetation plot,NA,NA,104,NA,1,365615.942,4304169.13,0.265,NA
267,July and August 2016 20m Grid Survey,Braun Blanquet vegetation plot,NA,NA,105,NA,1,365615.984,4304189.089,0.301,NA
268,July and August 2016 20m Grid Survey,Braun Blanquet vegetation plot,NA,NA,106,NA,1,365616.032,4304209.154,0.338,NA
269,July and August 2016 20m Grid Survey,Braun Blanquet vegetation plot,NA,NA,107,NA,1,365616.173,4304228.997,0.31,NA
270,July and August 2016 20m Grid Survey,Braun Blanquet vegetation plot,NA,NA,93,NA,1,365616.166,4303928.246,0.169,1m south of point
271,July and August 2016 20m Grid Survey,Braun Blanquet vegetation plot,NA,NA,92,NA,1,365615.816,4303908.849,0.188,NA
272,July and August 2016 20m Grid Survey,Braun Blanquet vegetation plot,NA,NA,91,NA,1,365616.484,4303889.316,0.119,NA
273,July and August 2016 20m Grid Survey,Braun Blanquet vegetation plot,NA,NA,90,NA,1,365615.894,4303868.833,0.229,NA
274,July and August 2016 20m Grid Survey,Braun Blanquet vegetation plot,NA,NA,89,NA,1,365615.967,4303848.961,0.207,NA
275,July and August 2016 20m Grid Survey,Braun Blanquet vegetation plot,NA,NA,88,NA,1,365615.905,4303828.846,0.186,NA
276,July and August 2016 20m Grid Survey,marsh edge,NA,NA,1,NA,NA,365611.529,4303813.853,0.114,marshedge1-typha
277,July and August 2016 20m Grid Survey,test,repeated boardwalk test,NA,1,NA,NA,365618.816,4303937.394,0.916,testbwd1
278,July and August 2016 20m Grid Survey,Braun Blanquet vegetation plot,NA,NA,116,NA,1,365635.958,4303969.096,0.256,NA
279,July and August 2016 20m Grid Survey,Braun Blanquet vegetation plot,NA,NA,117,NA,1,365635.941,4303988.859,0.273,NA
280,July and August 2016 20m Grid Survey,Braun Blanquet vegetation plot,NA,NA,118,NA,1,365635.949,4304009.076,0.129,NA
281,July and August 2016 20m Grid Survey,Braun Blanquet vegetation plot,NA,NA,119,NA,1,365635.991,4304029.051,0.231,NA
282,July and August 2016 20m Grid Survey,Braun Blanquet vegetation plot,NA,NA,120,NA,1,365636.071,4304049.075,0.322,NA
283,July and August 2016 20m Grid Survey,Braun Blanquet vegetation plot,NA,NA,121,NA,1,365636,4304069.102,0.267,NA
284,July and August 2016 20m Grid Survey,Braun Blanquet vegetation plot,NA,NA,122,NA,1,365635.956,4304089.048,0.301,NA
285,July and August 2016 20m Grid Survey,Braun Blanquet vegetation plot,NA,NA,123,NA,1,365636.011,4304109.051,0.303,NA
286,July and August 2016 20m Grid Survey,Braun Blanquet vegetation plot,NA,NA,124,NA,1,365635.869,4304129.14,0.325,NA
287,July and August 2016 20m Grid Survey,Braun Blanquet vegetation plot,NA,NA,125,NA,1,365636.071,4304149.006,0.286,NA
288,July and August 2016 20m Grid Survey,Braun Blanquet vegetation plot,NA,NA,126,NA,1,365635.912,4304168.851,0.034,NA
289,July and August 2016 20m Grid Survey,Braun Blanquet vegetation plot,NA,NA,127,NA,1,365635.91,4304188.982,0.108,NA
290,July and August 2016 20m Grid Survey,Braun Blanquet vegetation plot,NA,NA,128,NA,1,365635.865,4304209.167,0.315,NA
291,July and August 2016 20m Grid Survey,Braun Blanquet vegetation plot,NA,NA,114,NA,1,365637.062,4303907.94,0.08,NA
292,July and August 2016 20m Grid Survey,Braun Blanquet vegetation plot,NA,NA,113,NA,1,365636.055,4303888.814,0.268,NA
293,July and August 2016 20m Grid Survey,Braun Blanquet vegetation plot,NA,NA,112,NA,1,365635.986,4303868.917,0.036,NA
294,July and August 2016 20m Grid Survey,Braun Blanquet vegetation plot,NA,NA,111,NA,1,365636.012,4303848.912,0.203,NA
295,July and August 2016 20m Grid Survey,Braun Blanquet vegetation plot,NA,NA,110,NA,1,365635.955,4303828.871,0.277,NA
296,July and August 2016 20m Grid Survey,Braun Blanquet vegetation plot,NA,NA,109,NA,1,365636.031,4303808.884,-0.191,NA
297,July and August 2016 20m Grid Survey,Braun Blanquet vegetation plot,NA,NA,108,NA,1,365635.448,4303800.97,0.23,NA
298,July and August 2016 20m Grid Survey,Braun Blanquet vegetation plot,NA,NA,129,NA,1,365656.069,4303808.979,0.274,NA
299,July and August 2016 20m Grid Survey,Braun Blanquet vegetation plot,NA,NA,130,NA,1,365656.006,4303829.188,0.147,NA
300,July and August 2016 20m Grid Survey,Braun Blanquet vegetation plot,NA,NA,131,NA,1,365655.82,4303849.052,0.11,hovering
301,July and August 2016 20m Grid Survey,Braun Blanquet vegetation plot,NA,NA,137,NA,1,365656.002,4303969.031,0.174,NA
302,July and August 2016 20m Grid Survey,Braun Blanquet vegetation plot,NA,NA,138,NA,1,365655.872,4303988.97,0.205,NA
303,July and August 2016 20m Grid Survey,Braun Blanquet vegetation plot,NA,NA,139,NA,1,365655.832,4304008.87,0.206,NA
304,July and August 2016 20m Grid Survey,Braun Blanquet vegetation plot,NA,NA,140,NA,1,365656.081,4304029.102,0.285,NA
305,July and August 2016 20m Grid Survey,Braun Blanquet vegetation plot,NA,NA,141,NA,1,365656.121,4304049.09,0.296,NA
306,July and August 2016 20m Grid Survey,Braun Blanquet vegetation plot,NA,NA,142,NA,1,365656.008,4304069.018,0.123,reciever turned off
307,July and August 2016 20m Grid Survey,Braun Blanquet vegetation plot,NA,NA,143,NA,1,365655.952,4304089.044,0.295,NA
308,July and August 2016 20m Grid Survey,Braun Blanquet vegetation plot,NA,NA,144,NA,1,365655.923,4304109.007,0.311,NA
309,July and August 2016 20m Grid Survey,Braun Blanquet vegetation plot,NA,NA,145,NA,1,365655.951,4304129.19,0.297,NA
310,July and August 2016 20m Grid Survey,Braun Blanquet vegetation plot,NA,NA,146,NA,1,365656.066,4304148.973,0.353,NA
311,July and August 2016 20m Grid Survey,Braun Blanquet vegetation plot,NA,NA,147,NA,1,365655.891,4304168.882,0.233,NA
312,July and August 2016 20m Grid Survey,Braun Blanquet vegetation plot,NA,NA,148,NA,1,365655.997,4304189.003,0.198,NA
313,July and August 2016 20m Grid Survey,Braun Blanquet vegetation plot,NA,NA,157,NA,1,365676.144,4303968.944,0.145,NA
314,July and August 2016 20m Grid Survey,Braun Blanquet vegetation plot,NA,NA,158,NA,1,365675.934,4303989.081,0.259,NA
315,July and August 2016 20m Grid Survey,Braun Blanquet vegetation plot,NA,NA,159,NA,1,365676.129,4304008.592,0.212,NA
316,July and August 2016 20m Grid Survey,Braun Blanquet vegetation plot,NA,NA,160,NA,1,365675.996,4304028.912,0.256,NA
317,July and August 2016 20m Grid Survey,Braun Blanquet vegetation plot,NA,NA,161,NA,1,365675.975,4304048.94,0.295,NA
318,July and August 2016 20m Grid Survey,Braun Blanquet vegetation plot,NA,NA,162,NA,1,365675.914,4304068.905,0.235,NA
319,July and August 2016 20m Grid Survey,Braun Blanquet vegetation plot,NA,NA,163,NA,1,365676.039,4304088.95,0.292,NA
320,July and August 2016 20m Grid Survey,Braun Blanquet vegetation plot,NA,NA,164,NA,1,365675.911,4304109.008,0.172,NA
321,July and August 2016 20m Grid Survey,Braun Blanquet vegetation plot,NA,NA,165,NA,1,365676.006,4304128.974,0.283,NA
322,July and August 2016 20m Grid Survey,Braun Blanquet vegetation plot,NA,NA,166,NA,1,365675.985,4304149.09,0.323,NA
323,July and August 2016 20m Grid Survey,Braun Blanquet vegetation plot,NA,NA,167,NA,1,365675.863,4304169.192,0.308,NA
324,July and August 2016 20m Grid Survey,Braun Blanquet vegetation plot,NA,NA,115,NA,1,365636.1,4303928.861,0.206,NA
325,July and August 2016 20m Grid Survey,Braun Blanquet vegetation plot,NA,NA,136,NA,1,365655.946,4303949.05,0.153,NA
326,July and August 2016 20m Grid Survey,Braun Blanquet vegetation plot,NA,NA,135,NA,1,365656.04,4303928.96,0.231,NA
327,July and August 2016 20m Grid Survey,Braun Blanquet vegetation plot,NA,NA,134,NA,1,365656.189,4303908.988,0.243,NA
328,July and August 2016 20m Grid Survey,Braun Blanquet vegetation plot,NA,NA,133,NA,1,365656.156,4303889.056,0.16,NA
329,July and August 2016 20m Grid Survey,Braun Blanquet vegetation plot,NA,NA,132,NA,1,365655.936,4303868.968,0.245,NA
330,July and August 2016 20m Grid Survey,Braun Blanquet vegetation plot,NA,NA,149,NA,1,365675.95,4303809.071,0.265,NA
331,July and August 2016 20m Grid Survey,Braun Blanquet vegetation plot,NA,NA,150,NA,1,365676.155,4303829.154,0.211,NA
332,July and August 2016 20m Grid Survey,Braun Blanquet vegetation plot,NA,NA,151,NA,1,365675.911,4303849.057,0.193,NA
333,July and August 2016 20m Grid Survey,Braun Blanquet vegetation plot,NA,NA,152,NA,1,365676.049,4303869.051,0.222,NA
334,July and August 2016 20m Grid Survey,Braun Blanquet vegetation plot,NA,NA,153,NA,1,365676.094,4303889.016,0.249,NA
335,July and August 2016 20m Grid Survey,Braun Blanquet vegetation plot,NA,NA,154,NA,1,365676.01,4303909.091,0.111,NA
336,July and August 2016 20m Grid Survey,Braun Blanquet vegetation plot,NA,NA,155,NA,1,365675.988,4303929.222,0.22,NA
337,July and August 2016 20m Grid Survey,Braun Blanquet vegetation plot,NA,NA,156,NA,1,365675.955,4303948.932,0.088,NA
338,July and August 2016 20m Grid Survey,Braun Blanquet vegetation plot,NA,NA,176,NA,1,365695.888,4303968.963,0.237,NA
339,July and August 2016 20m Grid Survey,Braun Blanquet vegetation plot,NA,NA,175,NA,1,365696.002,4303949,0.051,NA
340,July and August 2016 20m Grid Survey,Braun Blanquet vegetation plot,NA,NA,174,NA,1,365695.944,4303929.095,0.114,NA
341,July and August 2016 20m Grid Survey,Braun Blanquet vegetation plot,NA,NA,173,NA,1,365696.178,4303909.023,0.274,NA
342,July and August 2016 20m Grid Survey,Braun Blanquet vegetation plot,NA,NA,172,NA,1,365695.986,4303888.914,0.178,NA
343,July and August 2016 20m Grid Survey,Braun Blanquet vegetation plot,NA,NA,171,NA,1,365695.96,4303868.962,0.142,NA
344,July and August 2016 20m Grid Survey,Braun Blanquet vegetation plot,NA,NA,170,NA,1,365696.029,4303848.955,0.194,NA
345,July and August 2016 20m Grid Survey,Braun Blanquet vegetation plot,NA,NA,169,NA,1,365695.941,4303828.976,0.276,NA
346,July and August 2016 20m Grid Survey,Braun Blanquet vegetation plot,NA,NA,168,NA,1,365695.999,4303808.99,0.277,NA
347,July and August 2016 20m Grid Survey,Braun Blanquet vegetation plot,NA,NA,186,NA,1,365715.835,4303829.066,0.28,NA
348,July and August 2016 20m Grid Survey,Braun Blanquet vegetation plot,NA,NA,187,NA,1,365716.109,4303849.008,0.259,NA
349,July and August 2016 20m Grid Survey,Braun Blanquet vegetation plot,NA,NA,188,NA,1,365716.061,4303869.066,0.185,NA
350,July and August 2016 20m Grid Survey,Braun Blanquet vegetation plot,NA,NA,189,NA,1,365715.985,4303889.107,0.202,NA
351,July and August 2016 20m Grid Survey,Braun Blanquet vegetation plot,NA,NA,190,NA,1,365716.044,4303909.153,0.246,NA
352,July and August 2016 20m Grid Survey,Braun Blanquet vegetation plot,NA,NA,191,NA,1,365716.041,4303929.042,0.266,NA
353,July and August 2016 20m Grid Survey,Braun Blanquet vegetation plot,NA,NA,192,NA,1,365716.056,4303948.937,0.197,NA
354,July and August 2016 20m Grid Survey,Braun Blanquet vegetation plot,NA,NA,193,NA,1,365716.053,4303969.052,0.274,NA
355,July and August 2016 20m Grid Survey,Braun Blanquet vegetation plot,NA,NA,177,NA,1,365696.004,4303988.874,0.274,NA
356,July and August 2016 20m Grid Survey,Braun Blanquet vegetation plot,NA,NA,178,NA,1,365695.966,4304008.989,0.141,NA
357,July and August 2016 20m Grid Survey,Braun Blanquet vegetation plot,NA,NA,179,NA,1,365696.189,4304029.069,0.154,NA
358,July and August 2016 20m Grid Survey,Braun Blanquet vegetation plot,NA,NA,180,NA,1,365695.905,4304049,0.219,NA
359,July and August 2016 20m Grid Survey,Braun Blanquet vegetation plot,NA,NA,181,NA,1,365695.907,4304068.907,0.142,NA
360,July and August 2016 20m Grid Survey,Braun Blanquet vegetation plot,NA,NA,182,NA,1,365695.968,4304089.041,0.314,NA
361,July and August 2016 20m Grid Survey,Braun Blanquet vegetation plot,NA,NA,183,NA,1,365696.101,4304109.091,0.3,NA
362,July and August 2016 20m Grid Survey,Braun Blanquet vegetation plot,NA,NA,184,NA,1,365695.954,4304129.062,0.227,NA
363,July and August 2016 20m Grid Survey,Braun Blanquet vegetation plot,NA,NA,185,NA,1,365695.905,4304149.078,0.164,NA
364,July and August 2016 20m Grid Survey,Braun Blanquet vegetation plot,NA,NA,195,NA,1,365715.967,4304009.064,0.206,NA
365,July and August 2016 20m Grid Survey,Braun Blanquet vegetation plot,NA,NA,196,NA,1,365716.087,4304029.02,0.155,NA
366,July and August 2016 20m Grid Survey,Braun Blanquet vegetation plot,NA,NA,197,NA,1,365716.017,4304048.953,0.255,NA
367,July and August 2016 20m Grid Survey,Braun Blanquet vegetation plot,NA,NA,198,NA,1,365715.957,4304069.101,0.229,NA
368,July and August 2016 20m Grid Survey,Braun Blanquet vegetation plot,NA,NA,199,NA,1,365715.923,4304088.96,0.215,NA
369,July and August 2016 20m Grid Survey,Braun Blanquet vegetation plot,NA,NA,200,NA,1,365715.988,4304108.922,0.295,NA
370,July and August 2016 20m Grid Survey,Braun Blanquet vegetation plot,NA,NA,201,NA,1,365716.011,4304128.997,-0.104,NA
371,July and August 2016 20m Grid Survey,Braun Blanquet vegetation plot,NA,NA,202,NA,1,365715.916,4304144.929,-0.078,NA
372,July and August 2016 20m Grid Survey,Braun Blanquet vegetation plot,NA,NA,17,NA,1,365496.016,4304009.074,0.162,NA
373,July and August 2016 20m Grid Survey,Braun Blanquet vegetation plot,NA,NA,18,NA,1,365496.016,4304028.958,-0.04,NA
374,July and August 2016 20m Grid Survey,Braun Blanquet vegetation plot,NA,NA,19,NA,1,365495.89,4304049.043,0.151,NA
375,July and August 2016 20m Grid Survey,Braun Blanquet vegetation plot,NA,NA,20,NA,1,365496.002,4304068.948,0.167,NA
376,July and August 2016 20m Grid Survey,Braun Blanquet vegetation plot,NA,NA,21,NA,1,365496.085,4304089.029,0.15,NA
377,July and August 2016 20m Grid Survey,Braun Blanquet vegetation plot,NA,NA,22,NA,1,365498.319,4304108.88,-0.035,2.3m west of point
378,July and August 2016 20m Grid Survey,Braun Blanquet vegetation plot,NA,NA,16,NA,1,365478.111,4304088.951,0.109,NA
379,July and August 2016 20m Grid Survey,Braun Blanquet vegetation plot,NA,NA,15,NA,1,365475.997,4304068.978,0.069,NA
380,July and August 2016 20m Grid Survey,Braun Blanquet vegetation plot,NA,NA,14,NA,1,365475.939,4304048.999,0.042,NA
381,July and August 2016 20m Grid Survey,Braun Blanquet vegetation plot,NA,NA,13,NA,1,365476.203,4304029.013,0.15,NA
382,July and August 2016 20m Grid Survey,Braun Blanquet vegetation plot,NA,NA,12,NA,1,365476.041,4304008.875,0.191,NA
383,July and August 2016 20m Grid Survey,marsh edge,NA,NA,2,NA,NA,365476.04,4303988.847,0.214,marshedge2
384,July and August 2016 20m Grid Survey,Braun Blanquet vegetation plot,NA,NA,211,NA,1,365736.07,4303989.001,0.173,NA
385,July and August 2016 20m Grid Survey,Braun Blanquet vegetation plot,NA,NA,212,NA,1,365735.856,4304009.329,-0.247,NA
386,July and August 2016 20m Grid Survey,Braun Blanquet vegetation plot,NA,NA,213,NA,1,365735.942,4304028.916,0.288,NA
387,July and August 2016 20m Grid Survey,Braun Blanquet vegetation plot,NA,NA,214,NA,1,365735.95,4304049.001,0.235,NA
388,July and August 2016 20m Grid Survey,Braun Blanquet vegetation plot,NA,NA,215,NA,1,365735.961,4304068.899,0.261,NA
389,July and August 2016 20m Grid Survey,Braun Blanquet vegetation plot,NA,NA,216,NA,1,365735.999,4304089.022,0.279,NA
390,July and August 2016 20m Grid Survey,Braun Blanquet vegetation plot,NA,NA,217,NA,1,365735.943,4304109.043,0.147,NA
391,July and August 2016 20m Grid Survey,Braun Blanquet vegetation plot,NA,NA,218,NA,1,365735.874,4304128.947,0.226,NA
392,July and August 2016 20m Grid Survey,Braun Blanquet vegetation plot,NA,NA,230,NA,1,365755.924,4304108.989,0.193,NA
393,July and August 2016 20m Grid Survey,Braun Blanquet vegetation plot,NA,NA,229,NA,1,365756.062,4304088.941,0.276,NA
394,July and August 2016 20m Grid Survey,Braun Blanquet vegetation plot,NA,NA,228,NA,1,365756.032,4304068.925,0.278,NA
395,July and August 2016 20m Grid Survey,Braun Blanquet vegetation plot,NA,NA,227,NA,1,365755.974,4304049.051,0.272,NA
396,July and August 2016 20m Grid Survey,Braun Blanquet vegetation plot,NA,NA,226,NA,1,365755.94,4304029.124,0.205,NA
397,July and August 2016 20m Grid Survey,Braun Blanquet vegetation plot,NA,NA,225,NA,1,365755.94,4304009.11,0.235,NA
398,July and August 2016 20m Grid Survey,test,repeated boardwalk test,NA,2,NA,NA,365618.806,4303937.423,0.912,testbwd2
399,July and August 2016 20m Grid Survey,Braun Blanquet vegetation plot,NA,NA,239,NA,1,365775.912,4304009.017,0.313,NA
400,July and August 2016 20m Grid Survey,Braun Blanquet vegetation plot,NA,NA,240,NA,1,365776.052,4304029.087,0.302,NA
401,July and August 2016 20m Grid Survey,Braun Blanquet vegetation plot,NA,NA,241,NA,1,365775.919,4304049.004,0.261,NA
402,July and August 2016 20m Grid Survey,Braun Blanquet vegetation plot,NA,NA,242,NA,1,365775.954,4304068.96,0.102,NA
403,July and August 2016 20m Grid Survey,Braun Blanquet vegetation plot,NA,NA,243,NA,1,365776.029,4304088.992,0.187,NA
404,July and August 2016 20m Grid Survey,Braun Blanquet vegetation plot,NA,NA,244,NA,1,365775.934,4304108.985,0.34,NA
405,July and August 2016 20m Grid Survey,Braun Blanquet vegetation plot,NA,NA,258,NA,1,365795.996,4304109.01,0.295,NA
406,July and August 2016 20m Grid Survey,Braun Blanquet vegetation plot,NA,NA,257,NA,1,365795.952,4304088.909,0.288,NA
407,July and August 2016 20m Grid Survey,Braun Blanquet vegetation plot,NA,NA,256,NA,1,365796.017,4304068.907,0.226,NA
408,July and August 2016 20m Grid Survey,Braun Blanquet vegetation plot,NA,NA,255,NA,1,365795.863,4304049.025,0.092,NA
409,July and August 2016 20m Grid Survey,Braun Blanquet vegetation plot,NA,NA,254,NA,1,365795.952,4304028.998,0.311,NA
410,July and August 2016 20m Grid Survey,Braun Blanquet vegetation plot,NA,NA,269,NA,1,365815.902,4304028.945,0.216,NA
411,July and August 2016 20m Grid Survey,Braun Blanquet vegetation plot,NA,NA,270,NA,1,365815.911,4304049.021,0.3,NA
412,July and August 2016 20m Grid Survey,Braun Blanquet vegetation plot,NA,NA,271,NA,1,365816.054,4304068.948,0.317,NA
413,July and August 2016 20m Grid Survey,Braun Blanquet vegetation plot,NA,NA,272,NA,1,365815.998,4304089.035,0.302,NA
414,July and August 2016 20m Grid Survey,Braun Blanquet vegetation plot,NA,NA,273,NA,1,365815.998,4304109.06,0.272,NA
415,July and August 2016 20m Grid Survey,Braun Blanquet vegetation plot,NA,NA,274,NA,1,365816.014,4304129.032,-0.032,NA
416,July and August 2016 20m Grid Survey,Braun Blanquet vegetation plot,NA,NA,286,NA,1,365836.019,4304028.896,0.157,NA
417,July and August 2016 20m Grid Survey,Braun Blanquet vegetation plot,NA,NA,194,NA,1,365716.07,4303988.895,0.228,NA
418,July and August 2016 20m Grid Survey,Braun Blanquet vegetation plot,NA,NA,210,NA,1,365736.013,4303969.023,0.175,NA
419,July and August 2016 20m Grid Survey,Braun Blanquet vegetation plot,NA,NA,209,NA,1,365736.069,4303948.984,0.309,NA
420,July and August 2016 20m Grid Survey,Braun Blanquet vegetation plot,NA,NA,208,NA,1,365735.982,4303928.927,0.246,NA
421,July and August 2016 20m Grid Survey,Braun Blanquet vegetation plot,NA,NA,207,NA,1,365736.012,4303909.057,0.291,NA
422,July and August 2016 20m Grid Survey,Braun Blanquet vegetation plot,NA,NA,206,NA,1,365735.993,4303888.984,0.244,NA
423,July and August 2016 20m Grid Survey,Braun Blanquet vegetation plot,NA,NA,205,NA,1,365736.035,4303869.076,0.263,NA
424,July and August 2016 20m Grid Survey,Braun Blanquet vegetation plot,NA,NA,204,NA,1,365735.909,4303848.956,0.242,NA
425,July and August 2016 20m Grid Survey,Braun Blanquet vegetation plot,NA,NA,203,NA,1,365735.936,4303828.958,0.241,NA
426,July and August 2016 20m Grid Survey,marsh edge,NA,NA,3,NA,NA,365756.007,4303828.989,0.25,marshedge3
427,July and August 2016 20m Grid Survey,Braun Blanquet vegetation plot,NA,NA,220,NA,1,365756.068,4303869.047,0.276,NA
428,July and August 2016 20m Grid Survey,Braun Blanquet vegetation plot,NA,NA,221,NA,1,365755.997,4303889.061,0.263,NA
429,July and August 2016 20m Grid Survey,Braun Blanquet vegetation plot,NA,NA,222,NA,1,365756.028,4303908.913,0.283,NA
430,July and August 2016 20m Grid Survey,Braun Blanquet vegetation plot,NA,NA,223,NA,1,365756.049,4303948.952,0.285,NA
431,July and August 2016 20m Grid Survey,Braun Blanquet vegetation plot,NA,NA,224,NA,1,365756.071,4303969.021,0.304,NA
432,July and August 2016 20m Grid Survey,Braun Blanquet vegetation plot,NA,NA,268,NA,1,365816.041,4304009.002,0.103,NA
433,July and August 2016 20m Grid Survey,Braun Blanquet vegetation plot,NA,NA,285,NA,1,365836.041,4304008.993,0.1,NA
434,July and August 2016 20m Grid Survey,Braun Blanquet vegetation plot,NA,NA,238,NA,1,365776.104,4303988.952,0.244,NA
435,July and August 2016 20m Grid Survey,Braun Blanquet vegetation plot,NA,NA,253,NA,1,365795.986,4303988.938,-0.122,NA
436,July and August 2016 20m Grid Survey,Braun Blanquet vegetation plot,NA,NA,252,NA,1,365795.931,4303969.015,0.209,NA
437,July and August 2016 20m Grid Survey,Braun Blanquet vegetation plot,NA,NA,251,NA,1,365796.008,4303949.003,0.142,NA
438,July and August 2016 20m Grid Survey,Braun Blanquet vegetation plot,NA,NA,250,NA,1,365795.981,4303929.001,0.147,NA
439,July and August 2016 20m Grid Survey,Braun Blanquet vegetation plot,NA,NA,249,NA,1,365796.017,4303909.088,0.101,NA
440,July and August 2016 20m Grid Survey,Braun Blanquet vegetation plot,NA,NA,248,NA,1,365795.953,4303888.955,-0.04,NA
441,July and August 2016 20m Grid Survey,Braun Blanquet vegetation plot,NA,NA,247,NA,1,365795.999,4303868.945,0.221,NA
442,July and August 2016 20m Grid Survey,Braun Blanquet vegetation plot,NA,NA,246,NA,1,365796.014,4303848.998,0.127,NA
443,July and August 2016 20m Grid Survey,Braun Blanquet vegetation plot,NA,NA,245,NA,1,365795.95,4303834.934,0.16,not at the end; blocked by trees
444,July and August 2016 20m Grid Survey,Braun Blanquet vegetation plot,NA,NA,231,NA,1,365775.922,4303829.038,0.173,NA
445,July and August 2016 20m Grid Survey,Braun Blanquet vegetation plot,NA,NA,232,NA,1,365776.013,4303849.018,0.125,NA
446,July and August 2016 20m Grid Survey,Braun Blanquet vegetation plot,NA,NA,233,NA,1,365775.964,4303868.979,0.181,NA
447,July and August 2016 20m Grid Survey,Braun Blanquet vegetation plot,NA,NA,234,NA,1,365776.092,4303888.98,0.242,NA
448,July and August 2016 20m Grid Survey,Braun Blanquet vegetation plot,NA,NA,235,NA,1,365776.006,4303909.027,0.292,NA
449,July and August 2016 20m Grid Survey,Braun Blanquet vegetation plot,NA,NA,236,NA,1,365776.012,4303929.067,0.22,NA
450,July and August 2016 20m Grid Survey,Braun Blanquet vegetation plot,NA,NA,237,NA,1,365775.957,4303948.959,0.168,NA
451,July and August 2016 20m Grid Survey,test,repeated boardwalk test,NA,3,NA,NA,365618.803,4303937.431,0.909,testbwd3
452,July and August 2016 20m Grid Survey,Braun Blanquet vegetation plot,NA,NA,283,NA,1,365835.979,4303968.973,0.075,NA
453,July and August 2016 20m Grid Survey,Braun Blanquet vegetation plot,NA,NA,282,NA,1,365835.991,4303948.946,0.135,NA
454,July and August 2016 20m Grid Survey,Braun Blanquet vegetation plot,NA,NA,281,NA,1,365836.109,4303929.046,0.174,NA
455,July and August 2016 20m Grid Survey,Braun Blanquet vegetation plot,NA,NA,280,NA,1,365835.951,4303909,0.247,NA
456,July and August 2016 20m Grid Survey,Braun Blanquet vegetation plot,NA,NA,279,NA,1,365836.039,4303889.073,0.224,NA
457,July and August 2016 20m Grid Survey,Braun Blanquet vegetation plot,NA,NA,278,NA,1,365836.066,4303869.006,0.303,NA
458,July and August 2016 20m Grid Survey,Braun Blanquet vegetation plot,NA,NA,277,NA,1,365836.065,4303848.971,0.279,NA
459,July and August 2016 20m Grid Survey,Braun Blanquet vegetation plot,NA,NA,276,NA,1,365835.899,4303829.046,0.22,NA
460,July and August 2016 20m Grid Survey,Braun Blanquet vegetation plot,NA,NA,275,NA,1,365835.98,4303809.068,0.277,NA
461,July and August 2016 20m Grid Survey,marsh edge,NA,NA,4,NA,NA,365815.754,4303815.027,0.261,marshedge4
462,July and August 2016 20m Grid Survey,Braun Blanquet vegetation plot,NA,NA,259,NA,1,365815.921,4303828.943,0.245,delineation plot
463,July and August 2016 20m Grid Survey,Braun Blanquet vegetation plot,NA,NA,260,NA,1,365816.058,4303849.013,0.081,NA
464,July and August 2016 20m Grid Survey,Braun Blanquet vegetation plot,NA,NA,261,NA,1,365815.908,4303868.928,0.233,NA
465,July and August 2016 20m Grid Survey,Braun Blanquet vegetation plot,NA,NA,262,NA,1,365815.975,4303888.918,0.195,NA
466,July and August 2016 20m Grid Survey,Braun Blanquet vegetation plot,NA,NA,263,NA,1,365815.921,4303909.009,0.254,NA
467,July and August 2016 20m Grid Survey,Braun Blanquet vegetation plot,NA,NA,264,NA,1,365815.964,4303928.923,0.11,NA
468,July and August 2016 20m Grid Survey,Braun Blanquet vegetation plot,NA,NA,265,NA,1,365815.942,4303948.867,0.091,NA
469,July and August 2016 20m Grid Survey,Braun Blanquet vegetation plot,NA,NA,266,NA,1,365815.944,4303969.137,0.268,NA
470,July and August 2016 20m Grid Survey,Braun Blanquet vegetation plot,NA,NA,267,NA,1,365816.024,4303989.031,0.216,NA
471,July and August 2016 20m Grid Survey,test,repeated boardwalk test,NA,4,NA,NA,365618.81,4303937.435,0.914,testbwd4
472,July and August 2016 20m Grid Survey,Braun Blanquet vegetation plot,NA,NA,492,NA,1,366135.921,4304188.958,0.157,NA
473,July and August 2016 20m Grid Survey,Braun Blanquet vegetation plot,NA,NA,491,NA,1,366136.024,4304168.968,0.17,NA
474,July and August 2016 20m Grid Survey,Braun Blanquet vegetation plot,NA,NA,490,NA,1,366136,4304149.027,0.147,NA
475,July and August 2016 20m Grid Survey,Braun Blanquet vegetation plot,NA,NA,489,NA,1,366135.951,4304128.906,0.217,NA
476,July and August 2016 20m Grid Survey,Braun Blanquet vegetation plot,NA,NA,488,NA,1,366136.03,4304108.91,0.256,NA
477,July and August 2016 20m Grid Survey,Braun Blanquet vegetation plot,NA,NA,487,NA,1,366135.992,4304088.994,0.296,NA
478,July and August 2016 20m Grid Survey,Braun Blanquet vegetation plot,NA,NA,472,NA,1,366115.979,4304088.998,0.287,NA
479,July and August 2016 20m Grid Survey,Braun Blanquet vegetation plot,NA,NA,471,NA,1,366115.936,4304068.925,0.285,NA
480,July and August 2016 20m Grid Survey,Braun Blanquet vegetation plot,NA,NA,473,NA,1,366116.097,4304109.026,0.273,NA
481,July and August 2016 20m Grid Survey,Braun Blanquet vegetation plot,NA,NA,474,NA,1,366115.946,4304129.053,0.236,NA
482,July and August 2016 20m Grid Survey,Braun Blanquet vegetation plot,NA,NA,475,NA,1,366116.001,4304149.039,0.26,NA
483,July and August 2016 20m Grid Survey,Braun Blanquet vegetation plot,NA,NA,476,NA,1,366116.011,4304169.058,0.271,NA
484,July and August 2016 20m Grid Survey,Braun Blanquet vegetation plot,NA,NA,477,NA,1,366115.926,4304189.033,0.28,NA
485,July and August 2016 20m Grid Survey,Braun Blanquet vegetation plot,NA,NA,478,NA,1,366116.02,4304209.009,0.257,NA
486,July and August 2016 20m Grid Survey,Braun Blanquet vegetation plot,NA,NA,479,NA,1,366115.952,4304229,0.245,NA
487,July and August 2016 20m Grid Survey,Braun Blanquet vegetation plot,NA,NA,463,NA,1,366096.028,4304229.084,0.252,NA
488,July and August 2016 20m Grid Survey,Braun Blanquet vegetation plot,NA,NA,462,NA,1,366095.942,4304208.965,0.211,NA
489,July and August 2016 20m Grid Survey,Braun Blanquet vegetation plot,NA,NA,461,NA,1,366095.99,4304188.971,0.221,NA
490,July and August 2016 20m Grid Survey,Braun Blanquet vegetation plot,NA,NA,460,NA,1,366096.061,4304169.027,0.253,NA
491,July and August 2016 20m Grid Survey,Braun Blanquet vegetation plot,NA,NA,459,NA,1,366095.792,4304148.977,0.087,NA
492,July and August 2016 20m Grid Survey,Braun Blanquet vegetation plot,NA,NA,458,NA,1,366096.023,4304128.967,0.279,stepped in plot
493,July and August 2016 20m Grid Survey,Braun Blanquet vegetation plot,NA,NA,457,NA,1,366095.939,4304108.918,0.305,NA
494,July and August 2016 20m Grid Survey,Braun Blanquet vegetation plot,NA,NA,456,NA,1,366096.008,4304089.029,0.296,NA
495,July and August 2016 20m Grid Survey,Braun Blanquet vegetation plot,NA,NA,443,NA,1,366076.023,4304089.076,0.278,NA
496,July and August 2016 20m Grid Survey,Braun Blanquet vegetation plot,NA,NA,444,NA,1,366076.097,4304108.879,0.204,NA
497,July and August 2016 20m Grid Survey,Braun Blanquet vegetation plot,NA,NA,445,NA,1,366075.956,4304129.059,0.214,NA
498,July and August 2016 20m Grid Survey,Braun Blanquet vegetation plot,NA,NA,446,NA,1,366076.063,4304149.051,0.118,NA
499,July and August 2016 20m Grid Survey,Braun Blanquet vegetation plot,NA,NA,447,NA,1,366076.02,4304169.092,0.234,NA
500,July and August 2016 20m Grid Survey,Braun Blanquet vegetation plot,NA,NA,448,NA,1,366075.993,4304188.942,0.08,NA
501,July and August 2016 20m Grid Survey,Braun Blanquet vegetation plot,NA,NA,449,NA,1,366076.001,4304209.026,0.172,NA
502,July and August 2016 20m Grid Survey,Braun Blanquet vegetation plot,NA,NA,450,NA,1,366076.014,4304228.972,0.197,NA
503,July and August 2016 20m Grid Survey,Braun Blanquet vegetation plot,NA,NA,299,NA,1,365855.988,4304029.01,-0.013,NA
504,July and August 2016 20m Grid Survey,Braun Blanquet vegetation plot,NA,NA,300,NA,1,365856.015,4304049.019,0.012,NA
505,July and August 2016 20m Grid Survey,Braun Blanquet vegetation plot,NA,NA,298,NA,1,365856.032,4304009.113,0.008,NA
506,July and August 2016 20m Grid Survey,Braun Blanquet vegetation plot,NA,NA,297,NA,1,365855.899,4303988.898,-0.053,NA
507,July and August 2016 20m Grid Survey,Braun Blanquet vegetation plot,NA,NA,296,NA,1,365855.999,4303968.96,0.094,NA
508,July and August 2016 20m Grid Survey,Braun Blanquet vegetation plot,NA,NA,295,NA,1,365856.101,4303949.089,0.077,NA
509,July and August 2016 20m Grid Survey,Braun Blanquet vegetation plot,NA,NA,294,NA,1,365856.056,4303928.92,0.229,NA
510,July and August 2016 20m Grid Survey,Braun Blanquet vegetation plot,NA,NA,293,NA,1,365855.993,4303909.004,0.291,NA
511,July and August 2016 20m Grid Survey,Braun Blanquet vegetation plot,NA,NA,292,NA,1,365855.977,4303888.983,0.285,NA
512,July and August 2016 20m Grid Survey,Braun Blanquet vegetation plot,NA,NA,291,NA,1,365856.008,4303869.044,0.302,NA
513,July and August 2016 20m Grid Survey,Braun Blanquet vegetation plot,NA,NA,290,NA,1,365856.107,4303849.015,0.3,NA
514,July and August 2016 20m Grid Survey,Braun Blanquet vegetation plot,NA,NA,289,NA,1,365856.04,4303829.02,0.31,NA
515,July and August 2016 20m Grid Survey,Braun Blanquet vegetation plot,NA,NA,288,NA,1,365855.975,4303808.968,0.3,NA
516,July and August 2016 20m Grid Survey,Braun Blanquet vegetation plot,NA,NA,287,NA,1,365855.973,4303789.04,0.288,NA
517,July and August 2016 20m Grid Survey,Braun Blanquet vegetation plot,NA,NA,309,NA,1,365876.001,4304048.819,0.179,NA
518,July and August 2016 20m Grid Survey,Braun Blanquet vegetation plot,NA,NA,310,NA,1,365876.1,4304068.969,0.16,NA
519,July and August 2016 20m Grid Survey,Braun Blanquet vegetation plot,NA,NA,311,NA,1,365876.075,4304088.919,0.162,NA
520,July and August 2016 20m Grid Survey,Braun Blanquet vegetation plot,NA,NA,308,NA,1,365876.02,4304028.964,0.081,NA
521,July and August 2016 20m Grid Survey,Braun Blanquet vegetation plot,NA,NA,307,NA,1,365876.155,4304009.039,0.183,NA
522,July and August 2016 20m Grid Survey,Braun Blanquet vegetation plot,NA,NA,306,NA,1,365875.955,4303988.987,0.156,NA
523,July and August 2016 20m Grid Survey,Braun Blanquet vegetation plot,NA,NA,305,NA,1,365875.963,4303968.911,0.229,NA
524,July and August 2016 20m Grid Survey,Braun Blanquet vegetation plot,NA,NA,304,NA,1,365876.058,4303949.063,0.252,NA
525,July and August 2016 20m Grid Survey,Braun Blanquet vegetation plot,NA,NA,303,NA,1,365875.978,4303928.957,0.307,NA
526,July and August 2016 20m Grid Survey,Braun Blanquet vegetation plot,NA,NA,302,NA,1,365876.048,4303909.069,0.359,NA
527,July and August 2016 20m Grid Survey,Braun Blanquet vegetation plot,NA,NA,301,NA,1,365876.02,4303889.079,0.302,NA
528,July and August 2016 20m Grid Survey,Braun Blanquet vegetation plot,NA,NA,408,NA,1,366015.967,4304068.98,0.263,NA
529,July and August 2016 20m Grid Survey,Braun Blanquet vegetation plot,NA,NA,407,NA,1,366015.947,4304049.056,0.144,NA
530,July and August 2016 20m Grid Survey,Braun Blanquet vegetation plot,NA,NA,406,NA,1,366015.972,4304029,0.151,NA
531,July and August 2016 20m Grid Survey,Braun Blanquet vegetation plot,NA,NA,405,NA,1,366016.045,4304008.935,0.153,NA
532,July and August 2016 20m Grid Survey,Braun Blanquet vegetation plot,NA,NA,387,NA,1,365996.039,4303989.006,0.281,NA
533,July and August 2016 20m Grid Survey,Braun Blanquet vegetation plot,NA,NA,387,NA,2,365995.289,4303969.984,0.327,NA
534,July and August 2016 20m Grid Survey,Braun Blanquet vegetation plot,NA,NA,386,NA,1,365995.945,4303949.046,0.308,NA
535,July and August 2016 20m Grid Survey,Braun Blanquet vegetation plot,NA,NA,385,NA,1,365996.041,4303928.974,0.282,NA
536,July and August 2016 20m Grid Survey,Braun Blanquet vegetation plot,NA,NA,384,NA,1,365996.005,4303908.918,0.254,NA
537,July and August 2016 20m Grid Survey,marsh edge,NA,NA,5,NA,NA,365995.936,4303889.044,0.242,marshedge5
538,July and August 2016 20m Grid Survey,Braun Blanquet vegetation plot,NA,NA,402,NA,1,366015.969,4303888.98,0.251,NA
539,July and August 2016 20m Grid Survey,Braun Blanquet vegetation plot,NA,NA,403,NA,1,366015.977,4303909.009,0.237,NA
540,July and August 2016 20m Grid Survey,Braun Blanquet vegetation plot,NA,NA,404,NA,1,366015.915,4303928.981,0.241,NA
541,July and August 2016 20m Grid Survey,Braun Blanquet vegetation plot,NA,NA,388,NA,1,365996.063,4304009.073,0.164,NA
542,July and August 2016 20m Grid Survey,Braun Blanquet vegetation plot,NA,NA,389,NA,1,365996.008,4304028.996,0.174,NA
543,July and August 2016 20m Grid Survey,Braun Blanquet vegetation plot,NA,NA,390,NA,1,365996.001,4304049.043,0.123,NA
544,July and August 2016 20m Grid Survey,test,one off test,NA,1,NA,NA,365996.113,4304059.573,0.263,som1
545,July and August 2016 20m Grid Survey,Braun Blanquet vegetation plot,NA,NA,391,NA,1,365995.992,4304070.49,0.243,NA
546,July and August 2016 20m Grid Survey,test,one off test,NA,2,NA,NA,365977.763,4304062.597,0.216,som2
547,July and August 2016 20m Grid Survey,Braun Blanquet vegetation plot,NA,NA,373,NA,1,365975.985,4304048.967,-0.063,NA
548,July and August 2016 20m Grid Survey,Braun Blanquet vegetation plot,NA,NA,372,NA,1,365975.924,4304028.912,0.205,NA
549,July and August 2016 20m Grid Survey,Braun Blanquet vegetation plot,NA,NA,371,NA,1,365975.938,4304009.007,0.237,NA
550,July and August 2016 20m Grid Survey,Braun Blanquet vegetation plot,NA,NA,370,NA,1,365975.939,4303988.958,0.26,NA
551,July and August 2016 20m Grid Survey,Braun Blanquet vegetation plot,NA,NA,369,NA,1,365975.993,4303968.915,0.308,NA
552,July and August 2016 20m Grid Survey,Braun Blanquet vegetation plot,NA,NA,368,NA,1,365976.048,4303948.913,0.287,NA
553,July and August 2016 20m Grid Survey,Braun Blanquet vegetation plot,NA,NA,367,NA,1,365975.996,4303928.997,0.24,NA
554,July and August 2016 20m Grid Survey,Braun Blanquet vegetation plot,NA,NA,366,NA,1,365975.969,4303909.007,0.111,NA
555,July and August 2016 20m Grid Survey,marsh edge,NA,NA,6,NA,NA,365984.586,4303877.244,0.189,marshedge6
556,July and August 2016 20m Grid Survey,marsh edge,NA,NA,7,NA,NA,365956.001,4303881.129,0.374,marshedge7
557,July and August 2016 20m Grid Survey,Braun Blanquet vegetation plot,NA,NA,348,NA,1,365955.933,4303908.958,0.201,NA
558,July and August 2016 20m Grid Survey,Braun Blanquet vegetation plot,NA,NA,349,NA,1,365955.961,4303928.996,0.076,NA
559,July and August 2016 20m Grid Survey,Braun Blanquet vegetation plot,NA,NA,350,NA,1,365956.111,4303949.045,0.295,NA
560,July and August 2016 20m Grid Survey,Braun Blanquet vegetation plot,NA,NA,351,NA,1,365955.999,4303969.078,0.272,NA
561,July and August 2016 20m Grid Survey,Braun Blanquet vegetation plot,NA,NA,352,NA,1,365955.924,4303989.056,0.176,NA
562,July and August 2016 20m Grid Survey,Braun Blanquet vegetation plot,NA,NA,353,NA,1,365955.994,4304009.07,0.22,NA
563,July and August 2016 20m Grid Survey,Braun Blanquet vegetation plot,NA,NA,354,NA,1,365956.077,4304028.989,0.201,NA
564,July and August 2016 20m Grid Survey,Braun Blanquet vegetation plot,NA,NA,355,NA,1,365956.017,4304048.965,0.094,NA
565,July and August 2016 20m Grid Survey,Braun Blanquet vegetation plot,NA,NA,322,NA,1,365896.03,4304049.021,0.064,NA
566,July and August 2016 20m Grid Survey,Braun Blanquet vegetation plot,NA,NA,323,NA,1,365896.018,4304069.081,0.146,NA
567,July and August 2016 20m Grid Survey,Braun Blanquet vegetation plot,NA,NA,324,NA,1,365895.994,4304088.955,0.188,NA
568,July and August 2016 20m Grid Survey,Braun Blanquet vegetation plot,NA,NA,325,NA,1,365896.016,4304108.969,0.098,NA
569,July and August 2016 20m Grid Survey,Braun Blanquet vegetation plot,NA,NA,321,NA,1,365895.938,4304028.97,0.168,NA
570,July and August 2016 20m Grid Survey,Braun Blanquet vegetation plot,NA,NA,320,NA,1,365895.924,4304008.997,0.241,NA
571,July and August 2016 20m Grid Survey,Braun Blanquet vegetation plot,NA,NA,319,NA,1,365896.018,4303988.937,0.197,NA
572,July and August 2016 20m Grid Survey,Braun Blanquet vegetation plot,NA,NA,318,NA,1,365896.085,4303969.009,-0.051,NA
573,July and August 2016 20m Grid Survey,Braun Blanquet vegetation plot,NA,NA,317,NA,1,365896.015,4303948.953,0.21,NA
574,July and August 2016 20m Grid Survey,Braun Blanquet vegetation plot,NA,NA,316,NA,1,365895.674,4303929.1,0.321,NA
575,July and August 2016 20m Grid Survey,Braun Blanquet vegetation plot,NA,NA,315,NA,1,365895.915,4303908.94,0.314,NA
576,July and August 2016 20m Grid Survey,Braun Blanquet vegetation plot,NA,NA,314,NA,1,365895.946,4303889.063,0.334,NA
577,July and August 2016 20m Grid Survey,Braun Blanquet vegetation plot,NA,NA,313,NA,1,365896.064,4303869.116,0.361,NA
578,July and August 2016 20m Grid Survey,Braun Blanquet vegetation plot,NA,NA,312,NA,1,365896.072,4303848.969,0.403,NA
579,July and August 2016 20m Grid Survey,test,one off test,NA,3,NA,NA,365894.801,4304037.799,0.206,phragboardwalk
580,July and August 2016 20m Grid Survey,Braun Blanquet vegetation plot,NA,NA,464,NA,1,366096.064,4304249.054,0.087,NA
581,July and August 2016 20m Grid Survey,Braun Blanquet vegetation plot,NA,NA,451,NA,1,366076.041,4304249.015,0.145,NA
582,July and August 2016 20m Grid Survey,Braun Blanquet vegetation plot,NA,NA,438,NA,1,366055.965,4304248.963,0.129,NA
583,July and August 2016 20m Grid Survey,Braun Blanquet vegetation plot,NA,NA,427,NA,1,366035.985,4304249.083,0.119,NA
584,July and August 2016 20m Grid Survey,Braun Blanquet vegetation plot,NA,NA,426,NA,1,366035.97,4304229.042,0.166,NA
585,July and August 2016 20m Grid Survey,Braun Blanquet vegetation plot,NA,NA,425,NA,1,366035.99,4304209.011,0.209,NA
586,July and August 2016 20m Grid Survey,Braun Blanquet vegetation plot,NA,NA,424,NA,1,366035.971,4304189.014,0.208,NA
587,July and August 2016 20m Grid Survey,Braun Blanquet vegetation plot,NA,NA,423,NA,1,366035.928,4304168.936,0.189,NA
588,July and August 2016 20m Grid Survey,Braun Blanquet vegetation plot,NA,NA,422,NA,1,366035.988,4304148.918,0.116,NA
589,July and August 2016 20m Grid Survey,Braun Blanquet vegetation plot,NA,NA,421,NA,1,366036,4304128.987,0.159,NA
590,July and August 2016 20m Grid Survey,Braun Blanquet vegetation plot,NA,NA,420,NA,1,366035.919,4304108.859,0.201,NA
591,July and August 2016 20m Grid Survey,Braun Blanquet vegetation plot,NA,NA,431,NA,1,366055.983,4304109.079,0.16,NA
592,July and August 2016 20m Grid Survey,Braun Blanquet vegetation plot,NA,NA,432,NA,1,366056.002,4304129.006,0.188,NA
593,July and August 2016 20m Grid Survey,Braun Blanquet vegetation plot,NA,NA,433,NA,1,366056.061,4304148.973,0.168,NA
594,July and August 2016 20m Grid Survey,Braun Blanquet vegetation plot,NA,NA,434,NA,1,366056.014,4304168.91,0.231,NA
595,July and August 2016 20m Grid Survey,Braun Blanquet vegetation plot,NA,NA,435,NA,1,366056.091,4304188.932,0.023,NA
596,July and August 2016 20m Grid Survey,Braun Blanquet vegetation plot,NA,NA,441,NA,1,366056.058,4304309.072,0.303,NA
597,July and August 2016 20m Grid Survey,Braun Blanquet vegetation plot,NA,NA,440,NA,1,366056.096,4304288.917,0.286,NA
598,July and August 2016 20m Grid Survey,Braun Blanquet vegetation plot,NA,NA,439,NA,1,366055.918,4304268.91,0.23,NA
599,July and August 2016 20m Grid Survey,Braun Blanquet vegetation plot,NA,NA,437,NA,1,366055.922,4304229.024,0.131,NA
600,July and August 2016 20m Grid Survey,Braun Blanquet vegetation plot,NA,NA,436,NA,1,366055.997,4304208.993,0.218,NA
601,July and August 2016 20m Grid Survey,Braun Blanquet vegetation plot,NA,NA,336,NA,1,365916.015,4304048.97,0.206,NA
602,July and August 2016 20m Grid Survey,Braun Blanquet vegetation plot,NA,NA,335,NA,1,365916.052,4304028.929,0.196,NA
603,July and August 2016 20m Grid Survey,Braun Blanquet vegetation plot,NA,NA,334,NA,1,365916.055,4304008.968,0.146,NA
604,July and August 2016 20m Grid Survey,Braun Blanquet vegetation plot,NA,NA,333,NA,1,365916.097,4303988.956,0.204,NA
605,July and August 2016 20m Grid Survey,Braun Blanquet vegetation plot,NA,NA,332,NA,1,365916.062,4303968.991,-0.028,NA
606,July and August 2016 20m Grid Survey,Braun Blanquet vegetation plot,NA,NA,331,NA,1,365916.097,4303948.95,0.191,NA
607,July and August 2016 20m Grid Survey,Braun Blanquet vegetation plot,NA,NA,330,NA,1,365915.955,4303929.082,0.284,NA
608,July and August 2016 20m Grid Survey,Braun Blanquet vegetation plot,NA,NA,329,NA,1,365915.935,4303909.067,0.261,NA
609,July and August 2016 20m Grid Survey,Braun Blanquet vegetation plot,NA,NA,328,NA,1,365916.009,4303889.089,0.243,NA
610,July and August 2016 20m Grid Survey,Braun Blanquet vegetation plot,NA,NA,327,NA,1,365916.041,4303869.004,0.325,NA
611,July and August 2016 20m Grid Survey,Braun Blanquet vegetation plot,NA,NA,326,NA,1,365915.915,4303849.054,0.406,NA
612,July and August 2016 20m Grid Survey,Braun Blanquet vegetation plot,NA,NA,338,NA,1,365936.052,4303928.961,0.134,NA
613,July and August 2016 20m Grid Survey,Braun Blanquet vegetation plot,NA,NA,337,NA,1,365935.9,4303908.991,0.281,NA
614,July and August 2016 20m Grid Survey,Braun Blanquet vegetation plot,NA,NA,339,NA,1,365935.992,4303948.96,0.1,NA
615,July and August 2016 20m Grid Survey,Braun Blanquet vegetation plot,NA,NA,340,NA,1,365935.952,4303968.958,0.157,NA
616,July and August 2016 20m Grid Survey,Braun Blanquet vegetation plot,NA,NA,341,NA,1,365935.909,4303989.089,0.117,NA
617,July and August 2016 20m Grid Survey,Braun Blanquet vegetation plot,NA,NA,342,NA,1,365936.586,4304009.548,0.096,NA
618,July and August 2016 20m Grid Survey,Braun Blanquet vegetation plot,NA,NA,430,NA,1,366036.134,4304307.585,0.333,moved south 1.5 meters to avoid wasps
619,July and August 2016 20m Grid Survey,Braun Blanquet vegetation plot,NA,NA,429,NA,1,366035.947,4304288.917,0.267,NA
620,July and August 2016 20m Grid Survey,Braun Blanquet vegetation plot,NA,NA,428,NA,1,366035.899,4304269.015,0.227,NA
621,July and August 2016 20m Grid Survey,Braun Blanquet vegetation plot,NA,NA,452,NA,1,366076.379,4304329.039,0.329,NA
622,July and August 2016 20m Grid Survey,Braun Blanquet vegetation plot,NA,NA,453,NA,1,366076.077,4304348.941,0.324,NA
623,July and August 2016 20m Grid Survey,Braun Blanquet vegetation plot,NA,NA,442,NA,1,366055.995,4304348.995,0.376,NA
624,July and August 2016 20m Grid Survey,Braun Blanquet vegetation plot,NA,NA,454,NA,1,366075.986,4304368.931,0.336,NA
625,July and August 2016 20m Grid Survey,Braun Blanquet vegetation plot,NA,NA,455,NA,1,366075.983,4304393.754,0.354,moved 5 meters north because of tree
626,July and August 2016 20m Grid Survey,Braun Blanquet vegetation plot,NA,NA,470,NA,1,366096.049,4304406.468,0.353,Moved 2.5 m south due to tree
627,July and August 2016 20m Grid Survey,Braun Blanquet vegetation plot,NA,NA,469,NA,1,366096.058,4304388.943,0.284,NA
628,July and August 2016 20m Grid Survey,Braun Blanquet vegetation plot,NA,NA,468,NA,1,366096,4304368.992,0.318,NA
629,July and August 2016 20m Grid Survey,Braun Blanquet vegetation plot,NA,NA,467,NA,1,366095.952,4304349.036,0.324,NA
630,July and August 2016 20m Grid Survey,Braun Blanquet vegetation plot,NA,NA,466,NA,1,366095.956,4304329.085,0.232,NA
631,July and August 2016 20m Grid Survey,Braun Blanquet vegetation plot,NA,NA,465,NA,1,366096.026,4304308.972,0.356,NA
632,July and August 2016 20m Grid Survey,Braun Blanquet vegetation plot,NA,NA,409,NA,1,366016.104,4304089.049,0.243,NA
633,July and August 2016 20m Grid Survey,Braun Blanquet vegetation plot,NA,NA,410,NA,1,366015.962,4304109.023,0.262,NA
634,July and August 2016 20m Grid Survey,Braun Blanquet vegetation plot,NA,NA,411,NA,1,366015.957,4304128.985,0.191,NA
635,July and August 2016 20m Grid Survey,Braun Blanquet vegetation plot,NA,NA,412,NA,1,366016.016,4304148.973,0.214,NA
636,July and August 2016 20m Grid Survey,Braun Blanquet vegetation plot,NA,NA,413,NA,1,366015.953,4304168.982,0.193,NA
637,July and August 2016 20m Grid Survey,Braun Blanquet vegetation plot,NA,NA,414,NA,1,366015.907,4304188.986,0.159,NA
638,July and August 2016 20m Grid Survey,Braun Blanquet vegetation plot,NA,NA,415,NA,1,366016.077,4304209.064,0.087,NA
639,July and August 2016 20m Grid Survey,Braun Blanquet vegetation plot,NA,NA,397,NA,1,365996.067,4304189.015,-0.023,NA
640,July and August 2016 20m Grid Survey,Braun Blanquet vegetation plot,NA,NA,396,NA,1,365995.936,4304168.881,0.236,NA
641,July and August 2016 20m Grid Survey,Braun Blanquet vegetation plot,NA,NA,395,NA,1,365996.068,4304149.002,0.124,stepped in plot
642,July and August 2016 20m Grid Survey,Braun Blanquet vegetation plot,NA,NA,394,NA,1,365995.945,4304128.992,0.213,NA
643,July and August 2016 20m Grid Survey,Braun Blanquet vegetation plot,NA,NA,393,NA,1,365995.954,4304108.954,0.233,NA
644,July and August 2016 20m Grid Survey,Braun Blanquet vegetation plot,NA,NA,392,NA,1,365996.025,4304088.85,0.236,NA
645,July and August 2016 20m Grid Survey,Braun Blanquet vegetation plot,NA,NA,374,NA,1,365975.96,4304069.077,0.226,NA
646,July and August 2016 20m Grid Survey,Braun Blanquet vegetation plot,NA,NA,375,NA,1,365976.042,4304088.974,0.169,NA
647,July and August 2016 20m Grid Survey,Braun Blanquet vegetation plot,NA,NA,376,NA,1,365976.013,4304108.928,0.253,NA
648,July and August 2016 20m Grid Survey,Braun Blanquet vegetation plot,NA,NA,377,NA,1,365976.034,4304128.986,0.265,NA
649,July and August 2016 20m Grid Survey,Braun Blanquet vegetation plot,NA,NA,378,NA,1,365976.029,4304149.016,0.061,NA
650,July and August 2016 20m Grid Survey,Braun Blanquet vegetation plot,NA,NA,379,NA,1,365975.942,4304169.053,0.217,NA
651,July and August 2016 20m Grid Survey,Braun Blanquet vegetation plot,NA,NA,380,NA,1,365976.024,4304188.978,0.133,NA
652,July and August 2016 20m Grid Survey,Braun Blanquet vegetation plot,NA,NA,362,NA,1,365955.982,4304188.978,0.223,NA
653,July and August 2016 20m Grid Survey,Braun Blanquet vegetation plot,NA,NA,361,NA,1,365955.917,4304168.998,0.251,NA
654,July and August 2016 20m Grid Survey,Braun Blanquet vegetation plot,NA,NA,360,NA,1,365955.906,4304149.087,0.206,NA
655,July and August 2016 20m Grid Survey,Braun Blanquet vegetation plot,NA,NA,359,NA,1,365956.057,4304128.998,0.205,NA
656,July and August 2016 20m Grid Survey,Braun Blanquet vegetation plot,NA,NA,358,NA,1,365955.923,4304109.036,0.193,NA
657,July and August 2016 20m Grid Survey,Braun Blanquet vegetation plot,NA,NA,357,NA,1,365955.983,4304088.963,0.186,NA
658,July and August 2016 20m Grid Survey,Braun Blanquet vegetation plot,NA,NA,356,NA,1,365956.104,4304069.035,0.22,NA
659,July and August 2016 20m Grid Survey,Braun Blanquet vegetation plot,NA,NA,343,NA,1,365935.942,4304049.086,0.245,NA
660,July and August 2016 20m Grid Survey,Braun Blanquet vegetation plot,NA,NA,344,NA,1,365936.04,4304068.939,0.188,NA
661,July and August 2016 20m Grid Survey,Braun Blanquet vegetation plot,NA,NA,345,NA,1,365936.005,4304088.943,0.219,NA
662,July and August 2016 20m Grid Survey,Braun Blanquet vegetation plot,NA,NA,346,NA,1,365936.084,4304109.096,0.155,NA
663,July and August 2016 20m Grid Survey,test,repeated boardwalk test,NA,5,NA,NA,365618.8,4303937.427,0.912,testbwd5
664,July and August 2016 20m Grid Survey,Braun Blanquet vegetation plot,NA,NA,480,NA,1,366117.214,4304248.929,0.317,moved east 1.23 meters due east due to tree
665,July and August 2016 20m Grid Survey,Braun Blanquet vegetation plot,NA,NA,494,NA,1,366136.065,4304249.015,0.187,NA
666,July and August 2016 20m Grid Survey,Braun Blanquet vegetation plot,NA,NA,495,NA,1,366136.007,4304268.947,0.208,NA
667,July and August 2016 20m Grid Survey,Braun Blanquet vegetation plot,NA,NA,496,NA,1,366136.029,4304288.953,0.194,NA
668,July and August 2016 20m Grid Survey,Braun Blanquet vegetation plot,NA,NA,497,NA,1,366135.963,4304308.932,0.259,NA
669,July and August 2016 20m Grid Survey,Braun Blanquet vegetation plot,NA,NA,498,NA,1,366136.018,4304329.008,0.188,NA
670,July and August 2016 20m Grid Survey,Braun Blanquet vegetation plot,NA,NA,499,NA,1,366136.056,4304348.962,0.254,NA
671,July and August 2016 20m Grid Survey,Braun Blanquet vegetation plot,NA,NA,500,NA,1,366135.939,4304369.018,0.124,NA
672,July and August 2016 20m Grid Survey,Braun Blanquet vegetation plot,NA,NA,501,NA,1,366135.971,4304388.992,0.266,NA
673,July and August 2016 20m Grid Survey,Braun Blanquet vegetation plot,NA,NA,502,NA,1,366136.061,4304408.943,0.319,NA
674,July and August 2016 20m Grid Survey,Braun Blanquet vegetation plot,NA,NA,486,NA,1,366115.956,4304407.799,0.374,NA
675,July and August 2016 20m Grid Survey,Braun Blanquet vegetation plot,NA,NA,485,NA,1,366115.944,4304389.045,0.256,NA
676,July and August 2016 20m Grid Survey,Braun Blanquet vegetation plot,NA,NA,484,NA,1,366115.986,4304369.095,0.252,NA
677,July and August 2016 20m Grid Survey,Braun Blanquet vegetation plot,NA,NA,483,NA,1,366115.95,4304349.033,0.203,NA
678,July and August 2016 20m Grid Survey,Braun Blanquet vegetation plot,NA,NA,482,NA,1,366116.003,4304329.078,0.257,NA
679,July and August 2016 20m Grid Survey,Braun Blanquet vegetation plot,NA,NA,481,NA,1,366116.01,4304308.928,0.289,NA
680,July and August 2016 20m Grid Survey,Braun Blanquet vegetation plot,NA,NA,419,NA,1,366015.929,4304289.016,0.274,NA
681,July and August 2016 20m Grid Survey,Braun Blanquet vegetation plot,NA,NA,418,NA,1,366015.977,4304269.044,0.187,NA
682,July and August 2016 20m Grid Survey,Braun Blanquet vegetation plot,NA,NA,417,NA,1,366016.066,4304248.961,0.167,NA
683,July and August 2016 20m Grid Survey,Braun Blanquet vegetation plot,NA,NA,416,NA,1,366015.941,4304228.923,0.084,NA
684,July and August 2016 20m Grid Survey,Braun Blanquet vegetation plot,NA,NA,398,NA,1,365996.082,4304228.951,0.214,NA
685,July and August 2016 20m Grid Survey,Braun Blanquet vegetation plot,NA,NA,399,NA,1,365996.068,4304248.998,0.196,NA
686,July and August 2016 20m Grid Survey,Braun Blanquet vegetation plot,NA,NA,400,NA,1,365995.981,4304268.98,0.157,NA
687,July and August 2016 20m Grid Survey,Braun Blanquet vegetation plot,NA,NA,401,NA,1,365995.923,4304289,0.153,NA
688,July and August 2016 20m Grid Survey,Braun Blanquet vegetation plot,NA,NA,383,NA,1,365975.965,4304269.033,0.232,NA
689,July and August 2016 20m Grid Survey,Braun Blanquet vegetation plot,NA,NA,382,NA,1,365975.964,4304248.984,0.207,NA
690,July and August 2016 20m Grid Survey,Braun Blanquet vegetation plot,NA,NA,381,NA,1,365976.034,4304228.95,0.138,NA
691,July and August 2016 20m Grid Survey,Braun Blanquet vegetation plot,NA,NA,363,NA,1,365956.074,4304228.991,0.173,NA
692,July and August 2016 20m Grid Survey,Braun Blanquet vegetation plot,NA,NA,347,NA,1,365938.633,4304229.063,0.056,NA
693,July and August 2016 20m Grid Survey,Braun Blanquet vegetation plot,NA,NA,364,NA,1,365956.019,4304248.99,0.017,NA
694,July and August 2016 20m Grid Survey,Braun Blanquet vegetation plot,NA,NA,365,NA,1,365956.051,4304269.036,0.125,NA
695,July and August 2016 20m Grid Survey,test,repeated boardwalk test,NA,6,NA,NA,365618.807,4303937.421,0.904,testbwd6
696,July and August 2016 20m Grid Survey,Braun Blanquet vegetation plot,NA,NA,511,NA,1,366155.943,4304428.924,0.352,NA
697,July and August 2016 20m Grid Survey,Braun Blanquet vegetation plot,NA,NA,510,NA,1,366156.02,4304409.034,0.155,NA
698,July and August 2016 20m Grid Survey,Braun Blanquet vegetation plot,NA,NA,509,NA,1,366156.031,4304389.045,0.262,NA
699,July and August 2016 20m Grid Survey,Braun Blanquet vegetation plot,NA,NA,508,NA,1,366156.067,4304369.039,0.073,NA
700,July and August 2016 20m Grid Survey,Braun Blanquet vegetation plot,NA,NA,515,NA,1,366176.034,4304408.909,0.104,NA
701,July and August 2016 20m Grid Survey,Braun Blanquet vegetation plot,NA,NA,516,NA,1,366175.905,4304428.986,0.307,stepped in plot
702,July and August 2016 20m Grid Survey,Braun Blanquet vegetation plot,NA,NA,520,NA,1,366195.992,4304428.977,0.159,NA
703,July and August 2016 20m Grid Survey,Braun Blanquet vegetation plot,NA,NA,8,NA,1,365455.989,4304009.022,0.184,NA
704,July and August 2016 20m Grid Survey,Braun Blanquet vegetation plot,NA,NA,9,NA,1,365455.966,4304028.954,0.13,NA
705,July and August 2016 20m Grid Survey,Braun Blanquet vegetation plot,NA,NA,10,NA,1,365455.973,4304049.018,-0.012,NA
706,July and August 2016 20m Grid Survey,Braun Blanquet vegetation plot,NA,NA,11,NA,1,365456.016,4304068.914,0.216,NA
707,July and August 2016 20m Grid Survey,Braun Blanquet vegetation plot,NA,NA,7,NA,1,365436.021,4304068.939,0.147,NA
708,July and August 2016 20m Grid Survey,Braun Blanquet vegetation plot,NA,NA,3,NA,1,365415.966,4304068.993,0.116,NA
709,July and August 2016 20m Grid Survey,Braun Blanquet vegetation plot,NA,NA,6,NA,1,365436.097,4304048.939,0.171,NA
710,July and August 2016 20m Grid Survey,Braun Blanquet vegetation plot,NA,NA,5,NA,1,365435.93,4304029.066,0.174,NA
711,July and August 2016 20m Grid Survey,Braun Blanquet vegetation plot,NA,NA,4,NA,1,365436.058,4304008.928,0.211,NA
712,July and August 2016 20m Grid Survey,Braun Blanquet vegetation plot,NA,NA,1,NA,1,365375.931,4304068.981,0.113,NA
713,July and August 2016 20m Grid Survey,marsh edge,NA,NA,8,NA,NA,365380.053,4304053.277,0.183,marshedge7-typha
714,July and August 2016 20m Grid Survey,Braun Blanquet vegetation plot,NA,NA,493,NA,1,366135.989,4304229.081,0.229,NA
715,July and August 2016 20m Grid Survey,Braun Blanquet vegetation plot,NA,NA,507,NA,1,366153.1,4304268.923,0.093,edge 2.4 m off
716,July and August 2016 20m Grid Survey,Braun Blanquet vegetation plot,NA,NA,506,NA,1,366155.031,4304249.068,0.059,0.9 m off
717,July and August 2016 20m Grid Survey,Braun Blanquet vegetation plot,NA,NA,505,NA,1,366155.986,4304228.959,0.167,NA
718,July and August 2016 20m Grid Survey,Braun Blanquet vegetation plot,NA,NA,504,NA,1,366156.053,4304209.023,0.101,NA
719,July and August 2016 20m Grid Survey,Braun Blanquet vegetation plot,NA,NA,503,NA,1,366155.96,4304188.922,0.131,NA
720,July and August 2016 20m Grid Survey,Braun Blanquet vegetation plot,NA,NA,513,NA,1,366175.954,4304188.99,0.146,NA
721,July and August 2016 20m Grid Survey,Braun Blanquet vegetation plot,NA,NA,514,NA,1,366176,4304208.923,0.211,NA
722,July and August 2016 20m Grid Survey,Braun Blanquet vegetation plot,NA,NA,519,NA,1,366195.67,4304209.547,-0.003,0.6 m off to the west
723,July and August 2016 20m Grid Survey,Braun Blanquet vegetation plot,NA,NA,518,NA,1,366196.034,4304188.94,0.107,NA
724,July and August 2016 20m Grid Survey,Braun Blanquet vegetation plot,NA,NA,522,NA,1,366216.077,4304188.987,0.039,NA
725,July and August 2016 20m Grid Survey,Braun Blanquet vegetation plot,NA,NA,512,NA,1,366176.042,4304169.034,0.257,NA
726,July and August 2016 20m Grid Survey,Braun Blanquet vegetation plot,NA,NA,517,NA,1,366195.942,4304168.996,0.061,NA
727,July and August 2016 20m Grid Survey,Braun Blanquet vegetation plot,NA,NA,521,NA,1,366216.026,4304168.98,0.227,NA
728,July and August 2016 20m Grid Survey,Braun Blanquet vegetation plot,NA,NA,523,NA,1,366236.046,4304188.913,0.367,NA
729,July and August 2016 20m Grid Survey,Braun Blanquet vegetation plot,NA,NA,524,NA,1,366236.027,4304209.038,0.261,NA
730,July and August 2016 20m Grid Survey,Braun Blanquet vegetation plot,NA,NA,525,NA,1,366256.069,4304208.996,0.444,NA
731,July and August 2016 20m Grid Survey,marsh edge,NA,NA,9,NA,NA,366208.125,4304128.021,0.472,hiddenmarsh
